station_id,station_name,latitude,longitude,_total_elements,_unique_feature_types,aeroway,amenity,barrier,boundary,building,craft,emergency,healthcare,highway,historic,industrial,landuse,leisure,man_made,military,natural,office,place,power,public_transport,railway,shop,sport,tourism,water,waterway
site_5094,"SIDCO Kurichi, Coimbatore - TNPCB",10.942451,76.978996,22953,6,NA,"college,fuel",gate,administrative,"college,commercial, office,public",NA,NA,NA,"residential,service,tertiary,trunk,unclassified",NA,NA,industrial,garden,NA,NA,tree,NA,city_block,NA,NA,rail,NA,NA,NA,NA,NA
site_5124,"Urban, Chamarajanagar - KSPCB",11.55358,76.55521,13203,1,NA,NA,NA,national_park,NA,NA,NA,NA,trunk,NA,NA,farmland,park,NA,NA,wood,NA,city,NA,NA,NA,NA,NA,NA,NA,NA
site_147,"MD University, Rohtak - HSPCB",28.52123,76.37138,905,3,NA,NA,NA,administrative,NA,NA,NA,NA,unclassified,building,NA,education,garden,NA,NA,grassland,government,quarter,"line,tower",NA,level_crossing,NA,NA,NA,NA,NA
site_5468,"IESD Banaras Hindu University, Varanasi - UPPCB",25.262326,82.995408,7604,16,NA,"atm,bank,bar,bicycle_parking,cafe,community_centre,events_venue,fast_food,hospital,library,music_school,parking,place_of_worship,post_office,restaurant,townhall,university","gate,wall",administrative,"public,residential,school,university",NA,fire_hydrant,"hospital,laboratory","service, footway",NA,NA,"aquaculture,farmland,forest,grass,landfill,residential","dance,firepit,garden,park,pitch,stadium,track","water_tower,works",NA,"JHMFJHGJG,tree,wood","educational_institution,research","locality,neighbourhood",substation,NA,NA,"bathroom_furnishing,motorcycle_repair,supermarket,video_games,weapons","cricket,cricket;athletics;running",hostel,NA,NA
site_119,"Sirifort, Delhi - CPCB",28.5504249,77.2159377,11277,18,,"bench,cafe,charging_station,clinic,college,conference_centre,fast_food,fountain,fuel,ice_cream,parking,place_of_worship,restaurant,school,shelter,social_facility,studio,theatre,toilets,university,waste_basket, bank","bollard,city_wall,cycle_barrier,entrance,fence,gate,lift_gate,wall",administrative,"apartments,college,house,residential,roof,school","carpenter,electronics_repair,handicraft,tailor",,clinic,"bus_stop,crossing,footway,path,residential,secondary,secondary_link,service,steps,tertiary,traffic_signals,unclassified",NA,NA,"civic,commercial,education,grass,residential","dog_park,fitness_centre,golf_course,park,picnic_table,pitch,sports_centre,swimming_pool","antenna,flagpole,mast,surveillance,tower,water_tap",,tree,"company,diplomatic,government,lawyer","neighbourhood,suburb","pole,substation",platform,NA,"art,bakery,beauty,boutique,clothes,electrical,hairdresser,jewelry,laundry,pastry,tea,toys","basketball,cricket,soccer,squash;badminton,tennis,volleyball","gallery,museum",NA,NA
site_5390,"Corporation Ground, Thrissur - Kerala PCB",10.5324,76.2159,13435,20,heliport,"arts_centre,atm,bank,bureau_de_change,bus_station,cafe,charging_station,childcare,cinema,clinic,college,community_hall,courthouse,events_venue,fast_food,food_court,fuel,hospital,library,motorcycle_parking,music_school,parking,parking_space,pharmacy,place_of_worship,police,post_office,prep_school,restaurant,school,social_facility,taxi,theatre,toilets,townhall,place_of_worship","city_wall,fence,gate,hedge,lift_gate,wall",local_authority,"apartments,commercial,hospital,house,kindergarten,office,public,school,stadium,temple,terrace,toilets","dressmaker,winery",,"alternative,blood_donation,clinic,hospital,laboratory,pharmacy","bus_stop,busway,crossing,footway,primary,primary_link,residential,secondary,service,steps,tertiary,traffic_signals,unclassified",castle,NA,"commercial,grass,recreation_ground,residential","fitness_centre,garden,park,pitch,playground,sports_centre,stadium,swimming_pool,track","charge_point,mast,surveillance,tower,works",NA,"tree,water,wood",NA,suburb,substation,"platform,station",NA,"bakery,beauty,bed,books,clothes,convenience,department_store,electronics,greengrocer,hardware,jewelry,lighting,mall,mobile_phone,motorcycle,motorcycle_repair,musical_instrument,nutrition_supplements,optician,paint,shoes,supermarket,tailor,tea,ticket,tiles,variety_store,wholesale","athletics,fitness;gymnastics,soccer","apartment,artwork,guest_house,hostel,hotel,motel,museum",pond,NA
site_5503,"Mangala, Bilaspur - NTPC",22.08815,82.13737,16463,13,NA,"clinic,courthouse,grave_yard,hospital,place_of_worship,social_facility,townhall",gate,administrative,school,NA,NA,centre,"primary,residential,secondary,service,tertiary,trunk,unclassified",NA,NA,"cemetery,residential","garden,park,swimming_pool",water_tower,NA,water,government,square,NA,platform,NA,NA,NA,NA,river,river
site_5628,"Civil Lines, Bareilly - UPPCB",28.359581,79.414455,9535,7,NA,"blood_bank,bus_station,fast_food,hospital,place_of_worship,restaurant,toilets",,administrative,NA,NA,NA,NA,"primary,residential,secondary,tertiary,trunk,trunk_link",NA,NA,residential,NA,NA,NA,heath,NA,city,NA,station,NA,shoes,NA,guest_house,NA,NA
site_1549,"Hardev Nagar, Bathinda - PPCB",30.233011,74.907758,21005,6,NA,NA,NA,administrative,NA,NA,NA,NA,"service,trunk",NA,NA,"industrial,landfill",,works,NA, tree,NA,town,"line,tower",NA,"disused,level_crossing,rail",supermarket,NA,NA,NA,NA
site_5625,"Chalai Bazaar, Ramanathapuram - TNPCB",9.36399,78.831977,29291,16,NA,"bank,blood_bank,bus_station,cinema,clinic,dentist,hospital,place_of_worship,restaurant,school",wall,administrative,school,NA," fire_hydrant,fire_extinguisher","clinic,dentist,hospital","living_street,primary,residential,road,secondary,service,tertiary,unclassified",NA,NA,railway,playground,water_tower,NA,"water,wetland",government,town,NA,"platform,station","buffer_stop,level_crossing,platform,rail,switch","bakery,jewelry,supermarket",,hotel,pond,NA
site_5395,"Lodhi Road, Delhi - IITM",28.588333,77.221667,12472,20,"aerodrome,apron,gate,hangar,parking_position,taxiway,terminal","arts_centre,atm,bank,bar,bicycle_rental,cafe,charging_station,community_centre,drinking_water,fast_food,food_court,fountain,hospital,language_school,library,marketplace,parking,pharmacy,place_of_worship,police,post_office,restaurant,school,taxi,theatre,toilets,waste_basket","fence,gate,kerb,lift_gate,wall",administrative,"apartments,commercial,greenhouse,house,office,residential,roof",NA,NA,NA,"bus_stop,crossing,elevator,footway,living_street,residential,secondary,service,steps,street_lamp,tertiary,traffic_signals,unclassified",NA,NA,"commercial,cultural_centre,forest,grass,institutional,religious,residential","garden,outdoor_seating,park,pitch,swimming_pool","mast,pumping_station,surveillance,tower,water_tap",,"tree,tree_row,water","association,company,diplomatic,government,ngo",neighbourhood,generator,platform,NA,"bakery,bicycle,books,convenience,dairy,florist",tennis,"artwork,attraction",pond,NA
site_5115,"Worli, Mumbai - MPCB",18.9936162,72.8128113,312159,18,NA,"cafe,crematorium,fast_food,fuel,planetarium,school",gate,"administrative,administrative_cooperation,local_authority","apartments,commercial,construction,office,residential,roof",NA,NA,,"bus_stop,crossing,cycleway,footway,motorway,primary,primary_link,residential,secondary,service,steps,traffic_signals,turning_circle",NA,NA,"commercial,grass,industrial,recreation_ground,residential","garden,park,stadium,swimming_pool","breakwater,bridge,chimney,pier,reservoir_covered,wastewater_plant,water_works",,"bare_rock,coastline,tree,water","financial,government","island,locality,neighbourhood,sea,state",,"platform,station,stop_area,stop_position","station,stop,subway",mall,"horse_racing,swimming","attraction,museum",canal,"drain,lock_gate"
site_288,"Velachery Res. Area, Chennai - CPCB",13.0052189,80.2398125,12305,17,NA,"atm,bench,bicycle_parking,cafe,college,drinking_water,hospital,library,parking,parking_space,place_of_worship,restaurant,theatre,toilets,university","block,gate,hedge,lift_gate,median,wall","administrative,national_park,water_distribution","apartments,house,office,residential,temple,university",NA,fire_hydrant,hospital,"bus_stop,crossing,footway,living_street,path,primary,primary_link,residential,secondary,service,track,traffic_signals",NA,NA,"commercial,grass,hospital,reservoir,retail","garden,park,pitch,playground","storage_tank,surveillance",,"water,wood",association,neighbourhood,NA,"platform,stop_position",,"stationery,tea","cricket,racquet,tennis","apartment,artwork,attraction,zoo","lake,pond",stream
site_5412,"Kandivali East, Mumbai - MPCB",19.2058,72.8682,54656,14,NA,"atm,bank,bus_station,cafe,cinema,clinic,fast_food,hospital,police,restaurant","gate,lift_gate",administrative,"apartments,college,commercial,residential,train_station",NA,NA,"hospital,laboratory","bus_stop,residential,secondary,secondary_link,service,tertiary,traffic_signals,trunk,trunk_link",NA,NA,"commercial,industrial,military,recreation_ground,residential","park,swimming_pool",NA,NA,tree,NA,locality,"line,tower","platform,stop_area,stop_position","platform,stop,subway",supermarket,NA,NA,NA,drain
site_5269,"Deen Dayal Nagar, Sagar - MPPCB",23.8640158,78.80289321,17391,10,NA,"bank,cafe,cinema,clinic,hospital,library,monastery,place_of_worship,restaurant,school",,administrative,"commercial,house",NA,NA,"clinic,hospice,hospital,laboratory","living_street,residential,secondary,service,trunk,unclassified",NA,NA,residential,garden,NA,NA,scrub,educational_institution,,"line,substation,tower",NA,"level_crossing,rail","dairy,electrical,medical_supply,pasta,supermarket",NA,hotel,NA,NA
site_5039,"Sector-2 IMT, Manesar - HSPCB",28.360699,76.93609,37668,10,NA,"clinic,hospital,parking,townhall","gate,wall",administrative,,NA,NA,NA,"residential,secondary,secondary_link,service,tertiary,trunk,trunk_link",NA,NA,"commercial,grass,industrial,residential",park,works,NA,scrub,government,city,"generator,line,substation,tower",NA,construction,NA,NA,NA,NA,NA
site_5092,"Manali Village, Chennai - TNPCB",13.1662,80.2584,3433,11,NA,"bus_station,clinic,college,dentist,hospital,pharmacy,restaurant","gate,wall","administrative,water_distribution",,NA,NA,"centre,clinic,dentist,hospital,pharmacy","living_street,path,residential,secondary,service,tertiary",NA,NA,"industrial,residential",resort,works,NA,water,"governament,educational_institute","neighbourhood,suburb",,station,NA,NA,NA,NA,"lake,pond,reservoir",
site_118,"DTU, Delhi - CPCB",28.7500499,77.1112615,5545,12,NA,"conference_centre,university",gate,"administrative,political","office,house",NA,fire_hydrant,hospital,"footway,path,residential,secondary,service,tertiary",NA,NA,"industrial,recreation_ground,residential","park,pitch,sports_centre","flagpole,mast",NA,"tree_row,water",NA,locality,NA,NA,NA,NA,"badminton,tennis",hostel,lake,"canal,river"
site_106,"IGI Airport (T3), Delhi - IMD",28.5627763,77.1180053,5377,13,"aerodrome,apron,gate,hangar,holding_position,jet_bridge,navigationaid,parking_position,runway,stopway,taxiway,terminal,windsock","atm,cafe,parking",wall,administrative,NA,NA,NA,NA,"bus_stop,elevator,footway,residential,service,tertiary,tertiary_link",NA,NA,"grass,military,residential",,mast,NA,NA,lost_property,city,NA,"platform,station,stop_area,stop_position","construction,proposed,station,stop,subway,subway_entrance","coffee,ticket",NA,hotel,NA,drain
site_107,"Pusa, Delhi - IMD",28.63611,77.173332,12764,13,NA,"bus_station,clinic,college,fire_station,fuel,hospital,research_institute,school","bollard,gate,lift_gate","administrative,political","auditorium,commercial,industrial",NA,NA,hospital,"bus_stop,footway,path,residential,secondary,secondary_link,service,steps,tertiary,tertiary_link,traffic_signals",NA,NA,"education,residential","common,nature_reserve,park",water_tower,NA,scrub,"educational_institution,government",,,"platform,station",,convenience,NA,NA,NA,NA
site_108,"Aya Nagar, Delhi - IMD",28.4706914,77.1099364,16015,6,NA,NA,"gate,lift_gate,wall","administrative,political","apartments,college,commercial,hospital,kindergarten,office,residential,school",NA,,NA,"bus_stop,path,primary,primary_link,residential,secondary,service,track,traffic_signals",NA,NA,"forest,residential",park,NA,works,tree,NA,city,,NA,NA,NA,NA,NA,NA,NA
site_109,"Lodhi Road, Delhi - IMD",28.5918245,77.2273074,15439,20,NA,"arts_centre,atm,charging_station,college,community_centre,conference_centre,food_court,fountain,fuel,parking,place_of_worship,police,restaurant,school,theatre,toilets,waste_basket","fence,gate,lift_gate,wall,wicket_gate",administrative,"apartments,commercial,residential,roof,school",sculptor,fire_hydrant,hospital,"bus_stop,crossing,elevator,footway,residential,secondary,secondary_link,service,steps,street_lamp,tertiary,traffic_signals","aircraft,memorial",NA,"commercial,cultural_centre,grass,residential","fitness_station,garden,outdoor_seating,park,pitch,playground,swimming_pool,track","flagpole,surveillance,tower",,"tree,tree_row,water","association,company,diplomatic,government,ngo",neighbourhood,NA,platform,subway,food,"basketball,cricket,fitness,running,skateboard,tennis,volleyball",hostel,pond,drain
site_144,"Vasundhara, Ghaziabad - UPPCB",28.6603346,77.3572563,8339,11,NA,"bank,blood_bank,doctors,events_venue,fuel,hospital,marketplace,restaurant","gate,lift_gate",administrative,commercial,NA,NA,NA,"living_street,residential,secondary,service,tertiary,unclassified",fort,Manufacturer,"grass,industrial,residential,village_green",park,works,works,grassland,educational_institution,city,"line,tower",platform,"proposed,rail",NA,NA,NA,NA,ditch
site_153,"Sector - 125, Noida - UPPCB",28.5447608,77.3231257,168202,9,NA,hydrant,gate,"administrative,administrative_cooperation","house,commercial",NA,NA,NA,"residential,secondary,service,tertiary,tertiary_link,track",NA,building,"commercial,residential",,NA,NA,water,NA,"quarter,city,neighbiurhood","line,tower",NA,subway,NA,NA,NA,river,"canal,river"
site_117,"ITO, Delhi - CPCB",28.628624,77.24106,113388,19,NA,"arts_centre,atm,bank,bicycle_rental,college,courthouse,grave_yard,hospital,kindergarten,library,music_school,parking,place_of_worship,police,school,shelter,theatre,toilets,university","gate,kerb,motorcycle_barrier,swing_gate,wall",administrative,"college,commercial,detached,dormitory,office,public,roof",NA,fire_hydrant,hospital,"bus_stop,crossing,elevator,footway,living_street,path,residential,secondary,secondary_link,service,steps,traffic_signals,trunk_link,unclassified",NA,NA,"commercial,education,institutional,railway,recreation_ground,residential","garden,park,pitch,playground,swimming_pool","bridge,charge_point,surveillance",NA,"tree,water,wood","association,government,ngo,political_party,religion",neighbourhood,generator,"platform,station,stop_area,stop_position","level_crossing,miniature,platform,proposed,rail,station,stop,subway,subway_entrance,switch",alcohol,"basketball,gymnastics,volleyball","attraction,hostel,museum",pond,drain
site_103,"CRRI Mathura Road, Delhi - IMD",28.5512005,77.2735737,121649,16,NA,"bank,cafe,fuel,parking,parking_space,restaurant","gate,lift_gate,wall",administrative,"apartments,dormitory,kiosk,university",NA,NA,NA,"bus_stop,elevator,footway,living_street,residential,service,steps,tertiary,trunk,trunk_link,unclassified",NA,industrial,"construction,depot,education,industrial,residential","park,pitch",wastewater_plant,NA,"water,wood",government,neighbourhood,NA,platform,"rail,switch","convenience,electronics,sports","basketball,cricket,soccer,tennis",NA,wastewater,NA
site_105,"North Campus, DU, Delhi - IMD",28.6573814,77.1585447,19434,14,NA,"atm,bank,charging_station,recycling","gate,wall","administrative,political",commercial,electrician,NA,NA,"bus_stop,footway,living_street,path,residential,secondary,service,tertiary",NA,NA,"garages,industrial,railway,residential",park,works,NA,NA,NA,neighbourhood,NA,"platform,station,stop_area,stop_position","platform,rail,station,subway","dairy,interior_decoration,optician",NA,"guest_house,museum",NA,drain
site_114,"IHBAS, Dilshad Garden, Delhi - CPCB",28.6811736,77.3025234,7280,13,NA,"atm,drinking_water,hospital,mortuary,parking,place_of_worship,police,shelter,toilets","gate,wall",administrative,"hospital,mosque,public,retail,storage_tank,toilets",NA,fire_hydrantNA,NA,"footway,path,residential,secondary,secondary_link,service,tertiary,unclassified",NA,NA,"grass,hospital,residential","garden,park,pitch","pumping_station,reservoir_covered,storage_tank",NA,"tree,water,wetland,wood",NA,city,generator,NA,"rail,technical_station","beverages,convenience",,"artwork,hostel,hotel",pond,NA
site_111,"Sector - 62, Noida - IMD",28.6245479,77.3577104,2965,9,NA,college,gate,administrative,"apartments,college,commercial,school",NA,NA,NA,"bus_stop,living_street,residential,service,tertiary,tertiary_link,unclassified",NA,industrial,"commercial,education,farmland,institutional","park,garden",NA,NA,tree,government,city,"line,substation,tower",platform,NA,NA,NA,NA,NA,canal
site_113,"Shadipur, Delhi - CPCB",28.6514781,77.1473105,21700,12,NA,"atm,bank,events_venue,hospital,pub,research_institute","gate,lift_gate,wall","administrative,political",train_station,NA,NA,NA,"bus_stop,living_street,residential,secondary,service,tertiary,track,unclassified",,NA,"farmland,industrial,residential,retail",park,NA,NA,NA,NA,neighbourhood,line,"halt,platform,station,stop_area,stop_position","construction,halt,proposed,rail,station,stop,subway,subway_entrance",furniture,NA,NA,NA,drain
site_122,"Mandir Marg, Delhi - DPCC",28.636429,77.201067,16681,17,NA,"arts_centre,atm,bicycle_rental,clinic,community_centre,drinking_water,fuel,library,parking,place_of_worship,police,school,shelter,theatre,toilets","bollard,gate,kerb,wall",administrative,"apartments,church,commercial,public,residential,retail,roof,school,shed,temple",NA,fire_extinguisher,NA,"bus_stop,crossing,cycleway,footway,residential,secondary,secondary_link,service,steps,tertiary,tertiary_link,traffic_signals",building,NA,"commercial,place_of_worship,residential","fitness_station,nature_reserve,park,pitch,playground,swimming_pool","mast,monitoring_station",NA,"scrub,tree",political_party,"city, quarter",generator,platform,subway,"art,convenience","basketball,cricket;soccer,field_hockey,tennis",NA,NA,NA
site_124,"R K Puram, Delhi - DPCC",28.563262,77.186937,18958,20,NA,"Ayurvedic_Hospital,atm,bank,bench,clinic,community_centre,dentist,fast_food,fuel,hospital,kindergarten,parking,place_of_worship,post_office,restaurant,school,shelter,toilets",gate,administrative,"apartments,bungalow,commercial,construction,hotel,house,kindergarten,roof,school,temple",NA,fire_extinguisher,NA,"bus_stop,crossing,footway,living_street,path,residential,secondary,secondary_link,service,steps,street_lamp,tertiary,tertiary_link,traffic_signals",memorial,NA,"commercial,education,grass,religious,residential","fitness_centre,park,pitch,playground,stadium,swimming_pool","mast,water_tower",NA,"grassland,tree,wood",government,neighbourhood,generator,platform,construction,"car,clothes,convenience,electrical,supermarket",tennis,"artwork,guest_house,hostel,hotel",NA,drain
site_125,"Punjabi Bagh, Delhi - DPCC",28.674045,77.131023,18437,10,NA,"bank,blood_bank,college,fast_food,fuel,hospital,marketplace,parking,place_of_worship,police,restaurant,school","gate,wall","administrative,political","commercial,house",NA,NA,NA,"bus_stop,footway,living_street,primary,residential,service,tertiary,traffic_signals",NA,NA,"hospital,industrial,railway,residential","garden,park,pitch",NA,NA,NA,NA,neighbourhood,NA,"platform,station,stop_area,stop_position","buffer_stop,level_crossing,rail,station,stop,subway","cafe,dosa point","basketball,volleyball",NA,NA,NA
site_146,"Vikas Sadan, Gurugram - HSPCB",28.4501238,77.0263051,13217,10,NA,"clinic,courthouse,dentist,fuel,hospital,motorcycle_parking,parking,place_of_worship,police","gate,wall",administrative,residential,NA,NA,"dentist,hospital","footway,living_street,motorway,motorway_link,primary,residential,secondary,service,tertiary",NA,NA,"commercial,military,residential",park,water_tank,NA,scrub,government,suburb,NA,NA,NA,motorcycle_repair,NA,NA,tank,NA
site_168,"Bandra, Mumbai - MPCB",19.0627,72.84614,65289,18,NA,"atm,bank,bench,bus_station,clinic,college,community_centre,dentist,fast_food,hospital,kindergarten,money_transfer,parking,pharmacy,place_of_worship,police,post_office,restaurant,school,toilets,university",gate,administrative,"apartments,commercial,construction,hospital,house,office,place_of_worship,residential,school,temple,train_station",NA,NA,"centre,clinic,dentist,hospital,pharmacy","bus_stop,footway,living_street,motorway,motorway_link,path,primary,residential,service,steps,tertiary,tertiary_link,traffic_signals",NA,NA,"commercial,construction,education,meadow,railway,recreation_ground,residential","park,pitch,playground,sports_centre,swimming_pool",pipeline,NA,"scrub,tree","government,ngo","locality,neighbourhood,suburb",NA,"platform,station,stop_area","buffer_stop,level_crossing,platform,rail,station,subway,switch","alcohol,car_repair,chemist,confectionery,convenience,dairy,doityourself,dry_cleaning,electronics,gas,general,greengrocer,hairdresser,jewelry,pastry,pet,photo,stationery,supermarket","cricket,cricket;swimming;running;badminton;billiards;table_tennis","apartment,artwork,hostel",NA,drain
site_136,"Collectorate, Jodhpur - RSPCB",26.268249,73.0193853,22327,11,NA,"cafe,ice_cream",gate,administrative,"house,mosque,roof",NA,NA,NA,"residential,secondary,service,tertiary,tertiary_link,trunk,trunk_link",castle,NA,"grass,residential",swimming_pool,NA,NA,tree,educational_institution,"neighbourhood,city",NA,"platform,busstop","level_crossing,rail",NA,swimming,hotel,NA,NA
site_164,"BWSSB Kadabesanahalli, Bengaluru - CPCB",12.9352049,77.6814488,134366,17,NA,"atm,blood_bank,cafe,dentist,hospital,parking,pharmacy,place_of_worship,post_office,restaurant,school","gate,lift_gate",administrative,"apartments,commercial,construction,hospital,hotel,office,residential,roof,terrace",NA,NA,"dentist,hospital,pharmacy","construction,crossing,elevator,footway,path,proposed,residential,service,street_lamp,tertiary,tertiary_link,track,trunk,trunk_link,unclassified",NA,Manufacturer,"cemetery,commercial,construction,orchard,recreation_ground,residential","garden,park,pitch,sports_centre,sports_hall,swimming_pool","bridge,pipeline",NA,"scrub,water,wetland","company,coworking,it",,"city,city_block",NA,"construction,subway","copyshop,pastry","basketball,soccer,swimming,tennis",hotel,"drain,lake","drain,river,weir"
site_159,"Collectorate, Gaya - BSPCB",24.7955,84.9994,43672,9,NA,"cinema,hospital,place_of_worship",NA,administrative,house,NA,NA,NA,"footway,primary,residential,service,tertiary,trunk,unclassified",NA,NA,"railway,residential",park,NA,NA,grassland,NA,neighbourhood,substation,platform,"platform,rail,switch",chicken shop,NA,NA,NA,stream
site_134,"Police Commissionerate, Jaipur - RSPCB",26.9164092,75.7994901,13988,16,NA,"atm,bank,bar,bicycle_rental,cafe,clinic,community_centre,dentist,doctors,fast_food,fuel,hospital,pharmacy,place_of_worship,police,post_office,restaurant,school","bollard,fence,gate","administrative,local_authority","apartments,church,hotel,retail,roof",NA,NA,"clinic,dentist,doctor,hospital,pharmacy","bus_stop,living_street,primary,primary_link,residential,rest_area,service,tertiary,track,traffic_signals,trunk,trunk_link,unclassified",memorial,NA,grass,park,tower,NA,NA,"government,it",locality,tower,"platform,stop_position","construction,subway","alcohol,car,clothes,dry_cleaning,jewelry,kiosk,mall,mobile_phone,motorcycle,supermarket,travel_agency,tyres",NA,"guest_house,hostel,hotel,museum",NA,canal
site_198,"More Chowk Waluj, Aurangabad - MPCB",19.8389439,75.244448,1561,11,NA,"clinic,college,dentist,hospital,place_of_worship",NA,public_transport,college,NA,NA,diagnosis,"residential,service,tertiary,tertiary_link,unclassified",NA,NA,"industrial,residential", common,works,NA,water,educational_institution,locality,"line,substation,tower","platform,busstop",NA,convenience,NA,NA,NA,NA
site_251,"ICRISAT Patancheru, Hyderabad - TSPCB",17.5184,78.278777,28592,9,helipad,"Reasearch_Center,bar","gate,wall",administrative,"residential,office",NA,NA,NA,"path,residential,service,tertiary,tertiary_link,track,trunk,trunk_link,unclassified",building,NA,"farmland,industrial","park,garden,pitch","water_tower,works",NA,"tree,garde",research,city,"generator,line,plant,substation,tower",NA,rail,NA,NA,NA,NA,NA
site_252,"Plammoodu, Thiruvananthapuram - Kerala PCB",8.5149093,76.9435879,36586,19,NA,"atm,bank,cafe,fuel,hospital,ice_cream,library,monastery,parking,place_of_worship,police,post_office,restaurant,school,toilets",gate,administrative,"apartments,church,commercial,government,hospital,house,mosque,residential",electronics_repair,NA,NA,"bus_stop,path,primary,residential,secondary,service,services,tertiary,traffic_signals","castle,memorial,monument",NA,"commercial,residential","fitness_centre,garden,pitch,playground",NA,NA,"water,wood","company,educational_institution,financial,government,insurance,political_party,telecommunication","neighbourhood,plot,suburb",NA,platform,proposed,"baby_goods,bakery,clothes,electrical,furniture,greengrocer,hifi,jewelry,mobile_phone,motorcycle,motorcycle_repair,oilchips,seafood,shoes,sports,supermarket",cricket,"apartment,artwork,hostel,hotel,museum",pond,"river,stream"
site_253,"Punjab Agricultural University, Ludhiana - PPCB",30.9028,75.8086,1909,9,NA,"bar,bicycle_parking,cafe,community_centre,fast_food,fuel,library,parking,school,shelter,university",NA,administrative,college,NA,NA,NA,"residential,service,track,unclassified",NA,NA,commercial,"garden,stadium",NA,NA,NA,NA,suburb,line,NA,NA,florist,hockey,"hostel,museum",NA,NA
site_254,"Tata Stadium, Jorapokhar - JSPCB",23.707909,86.41467,5079,8,NA,hospital,"gate,entrance",administrative,stadium,NA,landing_site,NA,"residential,service,tertiary,trunk",NA,NA,residential,"pitch,stadium",NA,NA,NA,NA,suburb,NA,NA,"level_crossing,rail,razed",hotel,cricket,stadium,NA,NA
site_255,"RIMT University, Mandi Gobindgarh - PPCB",30.649961,76.331442,10053,7,NA,college,NA,administrative,NA,NA,NA,NA,"residential,service,tertiary,track,unclassified",NA,NA,"industrial,residential",park,NA,NA,NA,NA,city,"line,tower",NA,"construction,rail",,NA,NA,NA,NA
site_256,"Golden Temple, Amritsar - PPCB",31.62,74.876512,3793,12,NA,"atm,bank,bench,cafe,cloakroom,drinking_water,fast_food,fountain,library,marketplace,motorcycle_parking,parking,parking_entrance,place_of_worship,post_office,public_bath,restaurant,toilets","bollard,entrance,fence,kerb,wall",administrative,"gurdwara,parking,roof",,NA,NA,"bus_stop,footway,pedestrian,residential,service,steps,tertiary","memorial,monument",NA,religious,"garden,outdoor_seating,park","pier,tower,water_tap,water_tower,water_well",NA,"tree,water",NA,"city, quarter",NA,platform,NA,"bakery,clothes,confectionery,convenience,department_store,gift,mall,shoes,supermarket,tea,ticket",NA,"attraction,guest_house,hostel,hotel,information,museum","pond,reservoir",NA
site_257,"PWD Grounds, Vijayawada - APPCB",16.507014,80.627767,50903,19,NA,"atm,bank,bar,cafe,cinema,clinic,courthouse,dentist,fast_food,fixme,fountain,fuel,hospital,library,parking,pharmacy,restaurant,townhall","gate,wall",administrative,"commercial,house,residential",museam,NA,"blood_bank,dentist,hospital,optometrist,pharmacy","bus_stop,footway,residential,secondary,secondary_link,service,street_lamp,tertiary,trunk,trunk_link","memorial,statue,museum",NA,"construction,grass","garden,park,pitch","storage_tank,water_tower",,"grassland,tree,water","company,educational_institution,financial,government,ngo,political_party",suburb,pole,platform,proposed,"books,car_parts,clothes,computer,furniture,hairdresser,hardware,jewelry,mall,mobile_phone,money_lender,motorcycle_repair,optician,rice,shoes,supermarket,ticket,tyres",tennis,"artwork,attraction,hostel,hotel,museum","canal,river",canal
site_258,"Toll Gate, Tirumala - APPCB",13.67,79.35,4849,11,NA,"restaurant,telephone",toll_booth,administrative,NA,NA,NA,NA,"bus_stop,crossing,footway,primary,residential,service,steps,tertiary,unclassified",NA,NA,"commercial,grass,industrial,residential",park,NA,NA,scrub,NA,neighbourhood,"generator,line,substation,tower",NA,NA,greengrocer,NA,information,NA,NA
site_260,"GVM Corporation, Visakhapatnam - APPCB",17.72,83.3,18961,19,NA,"atm,bank,bar,college,community_centre,dentist,hospital,pharmacy,place_of_worship,post_office,restaurant,school,taxi,veterinary_pharmacy","entrance,gate,wall",local_authority,"apartments,commercial,hotel,house,residential,retail",NA,NA,"centre,dentist,hospital,pharmacy","bus_stop,crossing,cycleway,footway,path,primary,residential,secondary,service,sidewalk,street_lamp,tertiary,tertiary_link",NA,NA,"commercial,grass,residential,retail","fitness_centre,garden,park,playground","mast,surveillance,tower,water_tower",NA,"tree,tree_row,water","company,energy_supplier,financial,government,insurance,ngo,security","neighbourhood,suburb",transformer,"2,platform",NA,"alcohol,appliance,bag,bakery,books,car_parts,clothes,confectionery,electrical,electronics,furniture,general,gift,hairdresser,household_linen,jewelry,mall,mobile_phone,mobile_phone_accessories,motorcycle,motorcycle_repair,pet,shoes,watches,water",yoga,"aquarium,artwork,hostel,hotel",pond,drain
site_261,"Airoli, Navi Mumbai - MPCB",19.1494,72.9986,27384,17,NA,"atm,bank,clinic,doctors,driving_school,events_venue,fast_food,fountain,fuel,hospital,marketplace,place_of_worship,police,post_office,restaurant,school,theatre","gate,lift_gate",administrative,"house,industrial,kindergarten,residential,school",NA,phone,"clinic,doctor,hospital,laboratory","bus_stop,crossing,footway,living_street,path,pedestrian,primary,primary_link,residential,secondary,service,tertiary,traffic_signals",NA,NA,"grass,industrial,recreation_ground,residential","fitness_centre,fitness_station,indoor_play,outdoor_seating,park,pitch,playground",water_tower,NA,tree,NA,"locality,neighbourhood","line,tower","platform,stop_position",rail,"alcohol,clothes,convenience,general,massage,mobile_phone,pastry","cricket;soccer,fitness","artwork,guest_house",NA,NA
site_165,"City Railway Station, Bengaluru - KSPCB",12.9756843,77.5660749,93394,18,NA,"park,railway_station,Digital Painting Arts","gate,kerb","administrative,postal_code","apartments,commercial,hospital,industrial,roof,train_station,transportation,warehouse",NA,NA,"hospital,pharmacy","bus_stop,crossing,elevator,footway,living_street,primary,primary_link,residential,secondary,service,steps,tertiary,traffic_signals,unclassified","memorial,railway_car",NA,"commercial,construction,industrial,railway,recreation_ground,residential","fitness_centre,garden,park,pitch,playground,swimming_pool","antenna,gantry,mast,reservoir_covered,surveillance,water_tap,water_tower,water_works",NA,"grassland,tree,water,wood","government,travel_agent","neighbourhood,CITY",cable,"platform,station,stop_area,stop_position","buffer_stop,level_crossing,platform,proposed,rail,station,stop,subway,subway_entrance,switch,workshop","car,clothes,ticket,travel_agency","badminton,basketball,climbing,skateboard,tennis","aquarium,artwork,hostel,hotel",NA,NA
site_166,"Sanegurava Halli, Bengaluru - KSPCB",12.990328,77.5431385,45012,18,NA,"atm,bank,cafe,clinic,college,community_centre,dentist,drinking_water,events_venue,fast_food,fuel,hospital,ice_cream,language_school,pharmacy,place_of_worship,police,post_office,restaurant,school,toilets","gate,kerb","administrative,postal_code","apartments,college,commercial,hospital,roof,school",NA,phone,"clinic,dentist,hospital","bus_stop,crossing,footway,living_street,residential,secondary,service,steps,tertiary",NA,NA,"commercial,education,industrial,recreation_ground,religious,residential","fitness_centre,park,pitch,playground,sports_centre",NA,NA,"grassland,water",government,"neighbourhood,suburb","line,tower,transformer","platform,stop_area,stop_position",NA,"alcohol,bakery,beauty,clothes,customer_service,dairy,eye_care,fast_food,furniture,hairdresser,jewelry,kitchen,medical_supply,mobile_phone,pastry,photo,seafood,tea,watches",NA,hotel,drain,drain
site_263,"Sector- 16A, Faridabad - HSPCB",28.4088421,77.3099081,122785,12,NA,"cinema,community_centre,hospital,post_office,school,shelter","gate,wall",administrative,"college,industrial,train_station,transportation",NA,NA,NA,"footway,living_street,residential,secondary,service,steps,tertiary,track,trunk,trunk_link",,,"basin,commercial,industrial,railway,residential",park,water_tower,NA,water,NA,neighbourhood,NA,"platform,station,stop_area,stop_position","buffer_stop,depot,platform,rail,station,stop,subway,subway_entrance,switch",NA,NA,NA,"pond,reservoir",NA
site_271,"Chauhan Colony, Chandrapur - MPCB",19.9629,79.298714,42975,12,NA,"atm,bank,bicycle_parking,bus_station,cafe,clinic,courthouse,fire_station,hospital,police,restaurant,theatre,toilets",wall,administrative,"office,retail,train_station",NA,NA,NA,"footway,path,primary,primary_link,residential,secondary,service,steps,tertiary,trunk,unclassified",monument,NA,"railway,residential","pitch,playground",NA,NA,NA,government,"neighbourhood,city",NA,"platform,station","buffer_stop,platform,rail,station",ticket,NA,hotel,NA,NA
site_199,"Bollaram Industrial Area, Hyderabad - TSPCB",17.540891,78.358528,17941,9,NA,"bank,childcare,fuel,hospital,school","gate,wall",administrative,house,NA," fire_hydrant,fire_extinguisher",hospital,"primary,primary_link,residential,secondary,service,unclassified",building,NA,"college,industrial,residential","pitch,swimming_pool",NA,NA,grassland,educational_institution,"city,city_block,neighbourhood,suburb",NA,busstop,NA,NA,"basketball,skateboard",,NA,NA
site_158,"Muzaffarpur Collectorate, Muzaffarpur - BSPCB",26.1209,85.3647,41936,10,NA,"cafe,car_wash,clinic,college,dentist,doctors,hospital,place_of_worship,restaurant",fence,administrative,college,NA,NA,NA,"footway,living_street,primary,residential,secondary,service,tertiary,trunk,trunk_link,unclassified",NA,NA,grass,park,NA,NA,water,NA,city,NA,busstop,"level_crossing,rail",electronics,NA,hotel,pond,NA
site_161,"Sector-6, Panchkula - HSPCB ",30.7057778,76.8531805555555,7536,15,NA,"clinic,dentist,fuel,hospital,parking,place_of_worship,restaurant,school,shelter",gate,administrative,government,NA,NA,"clinic,dentist,hospital,physiotherapist","crossing,footway,path,residential,secondary,service,tertiary,tertiary_link",building,NA,military,"garden,park,pitch",water_tower,NA,water,company,suburb,"line,tower",NA,NA,mall,tennis,NA,pond,
site_157,"IGSC Planetarium Complex, Patna - BSPCB",25.610369,85.132568,8273,16,NA,"cafe,clinic,college,dentist,doctors,fast_food,fuel,hospital,parking,place_of_worship,restaurant",gate,local_authority,"apartments,hotel",NA,NA,"centre,hospital","footway,living_street,primary,residential,secondary,secondary_link,service,tertiary,trunk,trunk_link","archaeological_site,memorial",NA,grass,"garden,park",NA,NA,water,"company,government","city,borough",NA,busstop,"construction,proposed","jewelry,mall",NA,"artwork,attraction,hotel,museum","pond,reservoir",canal
site_273,"Ardhali Bazar, Varanasi - UPPCB",25.3505986,82.9083074,1737,2,NA,"LIC_OFIndia,marketplace",NA,administrative,residential,NA,NA,NA,"residential,service,tertiary,track,unclassified",NA,NA,tree,NA,NA,NA,NA,NA,neighbourhood,"line,tower",NA,NA,electric shop,NA,NA,NA,NA
site_274,"Ghusuri, Howrah - WBPCB",22.611968,88.347422,18781,9,NA,"fuel,hospital,toilets",gate,administrative,house,NA,NA,hospital,"living_street,primary,residential,service,unclassified",NA,NA,industrial,"pitch,playground", pipeline,NA,water,NA,city,NA,"platform,busstop",NA,NA,soccer,stadium,pond,NA
site_275,"IDA Pashamylaram, Hyderabad - TSPCB",17.5316895,78.218939,708,3,NA,"farmhouse,realE-state,",gate,administrative,NA,NA,NA,NA,"residential,service,tertiary,track,unclassified",NA,NA,"park,residential",garden,NA,NA,"tree,GARDEN",NA,city,"line,tower",NA,NA,"stationary,golisoda,",NA,NA,NA,NA
site_276,"Nehru Nagar, Kanpur - UPPCB",26.4703136,80.3229863,20094,9,NA,"clinic,college,hospital,place_of_worship,school",gate,administrative,apartments,NA,NA,centre,"living_street,residential,secondary,service,tertiary,trunk,unclassified",NA,NA,residential,park,wastewater_plant,NA,NA,NA,city,NA,NA,rail,tea,NA,NA,NA,NA
site_277,"Lalbagh, Lucknow - CPCB",26.8458805,80.9365541,17160,13,NA,"atm,bank,bus_station,cafe,cinema,clinic,college,fast_food,fuel,hospital,place_of_worship,police,restaurant,school,toilets","gate,wall",administrative,"apartments,residential,roof",NA,NA,hospital,"corridor,living_street,primary,residential,service,tertiary,tertiary_link",NA,NA,"commercial,residential","common,park",water_tower,NA,TREE,government,"city, quarter",NA,"station,stop_area,stop_position","station,subway","car_parts,general,mobile_phone,sports",NA,hotel,NA,NA
site_292,"Karve Road, Pune - MPCB",18.5011743,73.8165527,16791,19,NA,"arts_centre,atm,bank,bar,cafe,car_wash,cinema,clinic,community_centre,dentist,driving_school,fast_food,fire_station,fountain,fuel,hospital,ice_cream,internet_cafe,library,marketplace,parking,parking_space,pharmacy,place_of_worship,post_office,restaurant,school,theatre,toilets,veterinary","bollard,fence,gate,lift_gate",local_authority,"apartments,college,commercial,gazebo,residential,temple",NA,NA,"clinic,dentist,hospital,laboratory","bus_stop,crossing,footway,living_street,pedestrian,platform,primary,primary_link,residential,secondary,service,steps,tertiary,traffic_signals",memorial,NA,"commercial,construction,grass,industrial,recreation_ground,residential","fitness_centre,park,pitch,playground,sports_centre,swimming_pool","flagpole,monitoring_station",NA,"heath,water,wood",company,neighbourhood,"line,substation,tower","platform,station,stop_area,stop_position",NA,"bakery,beauty,bicycle,clothes,coffee,computer,convenience,electronics,furniture,hardware,optician,photo,shoes,travel_agency,watches","swimming,tennis;swimming;gym;squash;badminton","apartment,aquarium,artwork",NA,stream
site_294,"Sanathnagar, Hyderabad - TSPCB",17.4559458,78.4332152,41244,14,NA,"atm,bank,cafe,childcare,cinema,clinic,doctors,fuel,hospital,marketplace,restaurant,theatre","gate,lift_gate,wall",administrative,"apartments,commercial,residential,retail",NA,fire_extinguisher,"blood_bank,clinic,doctor,hospital","living_street,path,residential,secondary,service,tertiary,track,trunk,trunk_link",NA,NA,"commercial,industrial,residential","fitness_centre,park",NA,NA,tree,"energy_supplier,financial",neighbourhood,NA,"station,stop_area,stop_position","level_crossing,rail,station,stop,subway","car,clothes,electronics,motorcycle,supermarket",NA,NA,NA,NA
site_295,"MIDC Khutala, Chandrapur - MPCB",19.9775302,79.2337086,6682,5,NA,bank,NA,administrative,NA,NA,NA,NA,"crossing,primary,primary_link,residential,secondary,service,unclassified",NA,brickyard,industrial,NA,NA,NA,grassland,NA,city,substation,NA,NA,bar and restuarant,NA,NA,NA,NA
site_296,"Rabindra Bharati University, Kolkata - WBPCB",22.627847,88.380669,29897,10,NA,"clinic,fast_food,fuel,hospital,place_of_worship,police,university",gate,administrative,"commercial,industrial",NA,"fire_alarm_box,fire_extinguisher","clinic,hospital","bus_stop,living_street,primary,residential,service,tertiary",building,NA,recreation_ground,"park,garden",NA,NA,water,NA,city,NA,"platform,busstop",NA,domino's Pizza,NA,hostel,pond,NA
site_297,"Talkatora District Industries Center, Lucknow - CPCB",26.83399722,80.8917361,20375,6,NA,"clinic,college,hospital,place_of_worship,school",NA,administrative,apartments,NA,NA,NA,"path,residential,secondary,secondary_link,service,tertiary",NA,NA,"commercial,industrial,residential",park,water_tank,NA,heath,NA,city,NA,NA,"crossing,level_crossing,rail,switch",welding work shop,NA,NA,tank,drain
site_298,"Zoo Park, Hyderabad - TSPCB",17.349694,78.451437,86197,11,NA,"atm,bank,clinic,health_post,parking,place_of_worship","gate,wall",administrative,house,NA,fire_hydrant,clinic,"living_street,path,residential,secondary,secondary_link,service,tertiary,track,trunk,trunk_link",park,NA,"park,residential",park,NA,NA,"park,garden",government,neighbourhood,,"platform,busstop",NA,ticket,NA,"guest_house,zoo",NA,drain
site_299,"Womens College_City Center, Durgapur - WBPCB",23.549395,87.300496,7129,4,NA,university,"gate,entrance",administrative,apartments,NA,"fire_alarm_box,fire_extinguisher",NA,"living_street,residential,tertiary",building,NA,"recreation_ground,residential,roundabout","park,pitch,playground",water_tank,NA,"park,garden","governament,educational_institute",city,NA,platform,NA,NA,NA,NA,tank,NA
site_300,"Priyambada Housing Estate, Haldia - WBPCB",22.06047,88.109737,2014,7,NA,NA,NA,administrative,NA,NA,NA,NA,"tertiary,unclassified",building,NA,"forest,industrial,railway",NA,storage_tank,NA,water,government,city,tower,halt,"halt,level_crossing,rail",NA,NA,NA,reservoir,canal
site_301,"Anand Vihar, Delhi - DPCC",28.647622,77.315809,264479,16,NA,"atm,bench,bus_station,charging_station,cinema,drinking_water,fast_food,fuel,parking,pharmacy,police,restaurant,taxi,ticket_validator,toilets,waste_basket","block,gate,lift_gate,toll_booth,wall","administrative,administrative_cooperation","apartments,roof,service,shed,train_station",NA,"fire_alarm_box,fire_extinguisher",NA,"bus_stop,elevator,footway,path,pedestrian,residential,secondary,secondary_link,service,steps,traffic_signals",NA,NA,"commercial,industrial,railway,residential,retail",park,"antenna,flagpole,mast,storage_tank,surveillance,tower,utility_pole,wastewater_plant",NA,"tree,wood","bus_inspector,company",city,"catenary_mast,portal,substation,tower","platform,station,stop_area,stop_position","crossing,level_crossing,platform,rail,signal,station,stop,subway,subway_entrance,switch","convenience,florist,kiosk,supermarket",NA,information,NA,canal
site_302,"Solapur, Solapur - MPCB",17.6599188,75.9063906,17226,11,NA,"blood_bank,bus_station,clinic,college,fuel,hospital,pharmacy,place_of_worship,post_office,restaurant,school",gate,administrative,"apartments,house,residential",NA,NA,"hospital,pharmacy","bus_stop,path,primary,residential,secondary,service,tertiary,unclassified",NA,NA,residential,"park,pitch,playground,stadium",water_tower,NA,NA,"administrative,government",neighbourhood,"catenary_mast,portal,substation,tower",platform,rail,mobile_phone,NA,NA,NA,NA
site_303,"Opp GPO Civil Lines, Nagpur - MPCB",21.152875,79.0517531,51890,12,NA,"bench,hospital,place_of_worship,police,post_office,pub,school","gate,wall","local_authority,protected_area",school,NA,NA,NA,"path,residential,secondary,service,tertiary,trunk",NA,NA,"aquaculture,forest,plant_nursery","park,playground",NA,NA,water,NA,neighbourhood,NA,NA,NA,ticket,NA,aquarium,pond,NA
site_304,"Gangapur Road, Nashik - MPCB",20.0073285,73.7762427,14709,12,NA,"clinic,college,hospital,police,restaurant,school",gate,administrative,residential,NA,NA,clinic,"footway,pedestrian,primary,residential,secondary,service,tertiary,track,traffic_signals,unclassified",NA,NA,"commercial,farmland,grass,recreation_ground,residential","pitch,recreation_ground,sports_hall,track",reservoir_covered,NA,"water,wood",NA,"neighbourhood,suburb",NA,NA,NA,NA,NA,guest_house,river,"river,stream"
site_305,"Pimpleshwar Mandir, Kalyan - MPCB",19.192056,72.9585188,84558,15,NA,"atm,bank,bus_station,cinema,fountain,fuel,hospital,place_of_worship,restaurant","gate,lift_gate,wall",administrative,"apartments,bungalow,commercial,construction,garage,hotel,industrial,office",NA,NA,NA,"bus_stop,construction,crossing,footway,path,pedestrian,primary,primary_link,residential,secondary,service,steps,tertiary,traffic_signals,trunk,trunk_link,unclassified",NA,oil,"commercial,farmland,grass,industrial,residential,retail","fitness_centre,fitness_station,garden,park,playground,sports_centre,swimming_pool","pipeline,water_tower,water_works",NA,"tree,water",government,neighbourhood,na,"platform,station,stop_area,stop_position","construction,station","car,car_parts,car_repair,laundry,mall,tyres",NA,hotel,lake,NA
site_306,"Manali, Chennai - CPCB",13.164544,80.26285,2729,11,NA,"clinic,college,dentist,hospital,restaurant","gate,wall","administrative,water_distribution",residential,NA,NA,"centre,clinic,dentist,hospital","living_street,path,residential,secondary,service,tertiary",NA,NA,"industrial,residential",resort,NA,NA,"water,wetland",NA,"neighbourhood,suburb",,platform,rail,"tea stoll ,xerox shop",NA,NA,pond,NA
site_307,"Sanjay Palace, Agra - UPPCB",27.19865833,78.00598056,96489,13,NA,"atm,bank,bar,blood_bank,cafe,clinic,college,fast_food,fuel,hospital,marketplace,place_of_worship,post_office,restaurant,school",,local_authority,"commercial,school",dressmaker,NA,clinic,"mini_roundabout,residential,secondary,secondary_link,service,tertiary,trunk,trunk_link",memorial,NA,commercial,park,NA,NA,grass,educational_institution,suburb,NA,platform,"abandoned,level_crossing,proposed,rail","baby_goods,books,clothes,jewelry,mall,supermarket",,"hostel,hotel",NA,NA
site_308,"Maninagar, Ahmedabad - GPCB",23.002657,72.591912,8434,11,NA,"bank,bus_station,clinic,doctors,hospital,parking,place_of_worship,post_office",gate,administrative,apartments,NA,NA,centre,"bus_stop,living_street,primary,residential,secondary,secondary_link,service,steps,tertiary,tertiary_link",memorial,NA,"industrial,residential",park,storage_tank,NA,grass tree,administrative,"locality,suburb",NA,station,NA,resturant,NA,attraction,NA,NA
site_309,"Victoria, Kolkata - WBPCB",22.5448082,88.3403691,19532,16,helipad,"college,fast_food,hospital,police,theatre,toilets","fence,gate",administrative,commercial,NA,fire_hydrant,hospital,"crossing,footway,motorway,motorway_junction,residential,secondary,service,trunk,trunk_link","fort,monument",NA,"construction,grass,industrial,military,recreation_ground,residential","garden,golf_course,park,pitch,stadium,track",,NA,"tree,water,wood",governamen,suburb,NA,"platform,busstop","construction,tram",ticket,"horse_racing,polo","artwork,attraction,gallery,guest_house,hostel,museum,viewpoint",pond,NA
site_1390,"Moti Doongri, Alwar - RSPCB",27.554793,76.611536,2006,8,NA,"bench,blood_bank,clinic,college,dentist,fountain,hospital,place_of_worship,school",gate,administrative,residential,NA,NA,blood_donation,"primary,primary_link,residential,secondary,service,tertiary",NA,NA,"education,grass,recreation_ground,residential","park,playground",NA,NA,wood,educational_institution,city,NA,busstop,NA,baby_goods,NA,NA,NA,NA
site_1391,"RIICO Ind. Area III, Bhiwadi - RSPCB",28.194909,76.862296,809,4,NA,GreenmetIndustries,wall,administrative,commercial,NA,NA,NA,"residential,service,tertiary,tertiary_link,unclassified",NA,NA,industrial,"park,garden",works,NA,tree,NA,"city,borough","line,substation,tower",NA,NA,NA,NA,NA,tank,NA
site_1392,"Civil Lines,  Ajmer - RSPCB",26.470859,74.646594,5052,4,NA,"bus_station,cafe",NA,administrative,transportation,NA,NA,NA,"primary,residential,service,tertiary,trunk,unclassified",NA,NA,commercial,park,NA,NA,NA,NA,city,line,NA,NA,"resturant,kachori centre",NA,guest_house,NA,NA
site_1393,"Adarsh Nagar, Jaipur - RSPCB",26.902909,75.836858,15893,15,NA,"cafe,cinema,clinic,community_centre,fast_food,food_court,fountain,hospital,parking,place_of_worship,police,school","gate,wall","administrative,local_authority","detached,house",NA,NA,"clinic,hospital","bus_stop,path,residential,service,tertiary,traffic_signals,trunk,trunk_link",NA,NA,"cemetery,grass,retail","park,pitch",water_tower,NA,"tree,tree_row","it,political_party",neighbourhood,NA,"2,platform,stop_position",NA,"clothes,mall,supermarket",basketball,NA,NA,NA
site_1394,"Shrinath Puram, Kota - RSPCB",25.14389,75.821256,4148,9,NA,"doctors,hospital,place_of_worship",,administrative,stadium,NA,"fire_alarm_box,fire_extinguisher",hospital,"primary,residential,service,tertiary,tertiary_link",stadium,NA,"grass,residential","fitness_centre,park,playground,sports_centre,stadium",storage_tank,NA,water,educational_institution,city,"line,tower",platform,NA,HNT kitchen,badminton,attraction,tank,"drain,river"
site_1395,"Indira Colony Vistar, Pali - RSPCB",25.771061,73.340227,4432,5,NA,"cafe,college,doctors,hospital,pharmacy,place_of_worship,school",wall,administrative,apartments,NA,NA,hospital,"primary,residential,service,tertiary",NA,NA,reservoir,grassland,NA,NA,water,educational_institution,city,line,platform,NA,one bite pali,NA,apartment,river,"drain,river"
site_1396,"Shastri Nagar, Jaipur - RSPCB",26.9502929,75.730943,54365,8,NA,"fuel,hospital,police",gate,"administrative,local_authority",,,NA,NA,"bus_stop,primary,primary_link,residential,service,tertiary,trunk",NA,NA,"brownfield,greenfield,residential",garden,storage_tank,NA,NA,NA,city,"line,tower",platform,NA,mehfil Resturant,NA,NA,NA,NA
site_1397,"Ashok Nagar, Udaipur - RSPCB",24.5886166,73.6321397,1155,6,NA,"guestHouse,villa",wall,protected_area,commercial,NA,landing_site,NA,"residential,secondary",NA,NA,"forest,residential",nature_reserve,pipeline,NA,scrub,governamen,village,tower,platform,NA,NA,NA,villa,NA,NA
site_1398,"Lajpat Nagar, Moradabad - UPPCB",28.825341,78.7213009,3147,4,NA,school,gate,administrative,residential,NA,NA,NA,"primary,residential,secondary,service,tertiary,unclassified",NA,NA,"industrial,residential",playground,NA,NA,heath,educational_institution,city,"line,tower",platform,NA,NA,NA,NA,NA,river
site_1399,"Anand Kala Kshetram, Rajamahendravaram - APPCB",16.9872867,81.7363176,215,2,NA,hydrant,fence,administrative,residential,NA,NA,NA,"residential,track,unclassified",hydrant,NA,residential,"garden,park,grassland",NA,NA,grassland,NA,village,line,platform,NA,NA,NA,attraction,NA,NA
site_1400,"Mahakaleshwar Temple, Ujjain - MPPCB",23.182719,75.768218,5419,11,NA,"parking,place_of_worship,restaurant","gate,lift_gate",administrative,temple,NA,NA,NA,"footway,living_street,path,pedestrian,residential,service,tertiary,unclassified",NA, monastery,religious,"grass,park",storage_tank,NA,water,NA,city,"line,tower",platform,NA,jewelry,MA,"artwork,attraction","pond,river",river
site_1401,"Suryakiran Bhawan NCL, Singrauli - MPPCB",24.10897,82.64558,12117,11,NA,"blood_bank,fountain,hospital,parking,school","gate,entrance",administrative,"house,residential",NA,NA,hospital,"construction,footway,path,residential,tertiary,trunk,unclassified",NA,NA,"commercial,farmland,residential","park,playground,stadium","tower,water_tower",NA,tree,governamen,suburb,"line,substation,tower",platform,NA,NA,multi,NA,NA,canal
site_1402,"Sector-2 Industrial Area, Pithampur - MPPCB",22.624758,75.675238,1182,5,NA,Garment exporter,gate,administrative,"residential,office",NA,NA,NA,"service,unclassified",NA,NA,industrial,"park,garden",NA,NA,tree,association,city,"line,substation,tower",platform,NA,kirana_store,NA,NA,NA,NA
site_1403,"Sector-D Industrial Area, Mandideep - MPPCB",23.10844,77.511428,54547,9,NA,"hospital,association",gate,"administrative,forest",,NA,NA,NA,"residential,service,tertiary,tertiary_link,trunk,trunk_link,unclassified",house,NA,industrial,",park,garden",works,NA,grassland,"company,logistics",city,line,platform,proposed,NA,NA,hotel,NA,"river,stream"
site_1404,"Bhopal Chauraha, Dewas - MPPCB",22.9682591,76.064118,5957,5,NA,"bus_station,clinic,hospital",gate,administrative,NA,NA,NA,NA,"primary,residential,service,tertiary,track,unclassified",NA,NA,residential,"park,garden",NA,NA,water,NA,city,"line,tower",station,NA,"tea stall,footwear",NA,NA,NA,NA
site_1405,"Nishant Ganj, Lucknow - UPPCB",26.871428,80.957145,22245,16,NA,"bank,bar,bench,cinema,college,dentist,doctors,hospital,ice_cream,parking,pharmacy,place_of_worship,police,post_office,public_building,restaurant,school,shelter","bollard,gate",administrative,"apartments,house,school",NA,NA,NA,"bus_stop,construction,crossing,elevator,footway,living_street,path,primary,residential,secondary,service,steps,street_lamp,tertiary,unclassified",NA,NA,"cemetery,commercial,residential","park,pitch,sports_centre","stage,storage_tank",NA,NA,"accountant,educational_institution,government","neighbourhood,suburb",pole,"platform,station,stop_area,stop_position","buffer_stop,level_crossing,platform,rail,station,stop,subway,subway_entrance","bakery,car,car_repair,clothes,confectionery,dry_cleaning,general,hairdresser,houseware,jewelry,mall,mobile_phone,motorcycle,optician,pet,stationery,supermarket,toys,watches","basketball,tennis",hostel,NA,NA
site_1406,"Secretariat, Amaravati - APPCB",16.5150833,80.5181667,4270,12,"helipad,heliport","fire_station,parking,police,school,toilets",hedge,administrative,"government,government_office,house",NA,"fire_alarm_box,fire_extinguisher,fire_hydrant,fire_hose,emergency_ward_entrance",NA,"bus_stop,residential,service,tertiary,unclassified",house,house,"construction,governmental,grass","garden,park",NA,NA,"water,wood",government,city,line,platform,NA,NA,NA,NA,NA,drain
site_1408,"Talcher Coalfields,Talcher - OSPCB",20.9360711,85.1707021,452,4,helipad,ECO park,wall,administrative,government,NA,NA,NA,"service,tertiary,unclassified",house,NA,residential,park,NA,NA,water,goverment,city,line,platform,rail,NA,NA,NA,NA,NA
site_1410,"GM Office, Brajrajnagar - OSPCB",21.8004996,83.8396977,1072,2,NA,NA,fence,"administrative,public_transport",NA,NA,NA,NA,trunk,NA,NA,construction,NA,NA,NA,NA,NA,city,NA,NA,NA,NA,NA,NA,NA,river
site_1416,"Padmapukur, Howrah - WBPCB",22.5687319,88.2797276,10794,8,NA,"mall,",gate,administrative,apartments,NA,NA,hospital,"bus_stop,living_street,primary,residential,service,unclassified",NA,NA,residential,park,NA,NA,water,NA,neighbourhood,"line,tower",platform,rail,NA,NA,NA,NA,canal
site_1418,"Asansol Court Area, Asansol - WBPCB",23.685297,86.945968,3549,12,NA,"clock,hospital,place_of_worship",wall,administrative,apartments,NA,NA,"hospital,temple","residential,service,tertiary,unclassified",NA,NA,"industrial,military,residential","park,pitch,playground,sports_centre",works,NA,water,NA,"city,borough",line,platform,"level_crossing,rail",mall,"cricket,soccer",artwork,pond,NA
site_1419,"Ward-32 Bapupara, Siliguri - WBPCB",26.6879226,88.4152495,13127,16,NA,"atm,bus_station,fast_food,fountain,fuel,restaurant",wall,postal_code,"hotel,roof",NA,NA,hospital,"bus_stop,crossing,footway,primary,primary_link,residential,secondary,service,tertiary,traffic_signals,unclassified",NA,NA,"construction,grass,retail",garden,pipeline,NA,"tree,water,wetland",company,"city,neighbourhood",generator,"platform,station",NA,"car,convenience,hardware",NA,"artwork,hotel",river,river
site_1420,"Ashok Vihar, Delhi - DPCC",28.695381,77.181665,12717,11,NA,"bank,blood_bank,clinic,events_venue,fast_food,hospital,parking,recycling,restaurant,school","gate,lift_gate,wall","administrative,political",college,NA,NA,"centre,hospital,laboratory","crossing,footway,residential,secondary,secondary_link,service,tertiary",house,NA,"commercial,construction,industrial,residential",park,NA,NA,"tree,grassland",educational institute,neighbourhood,NA,busstop,"construction,proposed,rail","dairy,florist,hairdresser,tobacco",NA,hotel,NA,NA
site_1421,"Dr. Karni Singh Shooting Range, Delhi - DPCC",28.498571,77.26484,3803,12,NA,"bicycle_rental,parking,toilets",gate,protected_area,"roof,shed",NA,NA,NA,"path,residential,service,tertiary,track",road,NA,plant_nursery,"bird_hide,park,sports_centre",NA,NA,scrub,NA,city,"line,tower",platform,NA,ticket,shooting,information,NA,NA
site_1422,"Dwarka-Sector 8, Delhi - DPCC ",28.5710274,77.0719006,17172,11,NA,"bus_station,clinic,fuel,hospital,school","gate,wall","administrative,political","retail,school",NA,NA,"centre,hospital","crossing,cycleway,living_street,residential,secondary,service,tertiary,unclassified",NA,NA,residential,"park,playground",NA,NA,NA,NA,locality,NA,busstop,"rail,subway",food corner,NA,NA,NA,canal
site_1423,"Jahangirpuri, Delhi - DPCC",28.73282,77.170633,93544,20,NA,"atm,bank,cafe,childcare,clinic,college,community_centre,doctors,drinking_water,fast_food,fire_station,hospital,internet_cafe,marketplace,parking,pharmacy,place_of_worship,police,recycling,school,social_centre,social_facility,toilets,waste_disposal,water_point","bollard,entrance,fence,gate,kerb,wall","administrative,political","apartments,commercial,construction,farm,house,mosque,residential,school,temple,toilets","caterer,oil_mill,shoemaker,tailor",NA,"centre,clinic,doctor,hospital,laboratory,pharmacy","bus_stop,footway,living_street,motorway_junction,path,residential,secondary,service,steps,tertiary,tertiary_link,track,trunk,unclassified",NA,factory,"commercial,industrial,residential","golf_course,park","flagpole,pump,pumping_station,water_tap,water_tower",NA,"tree,water,wetland","bus_inspector,estate_agent,government,lawyer","neighbourhood,quarter,suburb","line,pole,tower,transformer","platform,stop_position","construction,proposed","appliance,beauty,beverages,clothes,confectionery,convenience,dairy,electronics,gas,greengrocer,hairdresser,hardware,jewelry,paint",NA,information,river,"canal,drain"
site_1424,"Jawaharlal Nehru Stadium, Delhi - DPCC",28.58028,77.233829,18244,18,NA,"animal_shelter,atm,bank,cafe,conference_centre,fast_food,parking,place_of_worship,post_box,restaurant,school,shelter,toilets,veterinary","fence,gate,height_restrictor,wall,wicket_gate",administrative,"roof,school,stadium",NA,landing_site,NA,"bus_stop,crossing,cycleway,footway,motorway_junction,pedestrian,residential,secondary,service,steps,tertiary,tertiary_link,track,traffic_signals,trunk,trunk_link,unclassified",stadium,depot,"commercial,construction,grass,industrial,residential","fitness_station,park,pitch,playground,stadium,track","mast,water_tap",NA,"tree,tree_row,water",diplomatic,"city,borough","line,tower","platform,stop_area","construction,level_crossing,platform,rail,subway,subway_entrance,switch","bakery,convenience,pet","fitness,futsal,running,soccer,tennis",hostel,basin,drain
site_1425,"Major Dhyan Chand National Stadium, Delhi - DPCC",28.611281,77.237738,15863,17,NA,"bench,boat_rental,cafe,clinic,conference_centre,courthouse,fountain,fuel,parking,place_of_worship,school,theatre,toilets,waste_basket","city_wall,gate,wall",administrative,"mosque,parking,roof,stadium",NA,landing_site,NA,"bus_stop,corridor,crossing,footway,path,pedestrian,residential,secondary,secondary_link,service,steps,traffic_signals","aircraft,castle,city_gate,citywalls,memorial,ship",NA,"allotments,commercial,grass,military,recreation_ground,residential","common,park,pitch,stadium,swimming_pool","flagpole,water_well",NA,"tree,tree_row,water",NA,city,line,"platform,busstop",NA,"gift,ticket",hockey,"artwork,attraction,gallery,information,museum,zoo","lake,reservoir",NA
site_1426,"Narela, Delhi - DPCC",28.822836,77.101981,1653,8,NA,"bus_station,fuel,place_of_worship","gate,wall","administrative,political",office,NA,fire station,NA,"residential,service,tertiary,track,unclassified",NA,NA,"industrial,residential",park,pipeline,NA,tree,government,locality,"line,tower",platform,NA,NA,NA,hostel,NA,NA
site_1427,"Najafgarh, Delhi - DPCC",28.570173,76.933762,2184,9,NA,"hospital,parking",wall,"administrative,political,postal_code",apartments,NA,NA,hospital,"bridleway,construction,living_street,residential,service,tertiary,track",NA,NA,"forest,reservoir","park,garden",NA,NA,water,association,city,"line,tower",platform,NA,NA,NA,information,pond,ditch
site_1428,"Okhla Phase-2, Delhi - DPCC",28.530785,77.271255,14941,14,NA,"arts_centre,atm,bank,college,fuel,marketplace,place_of_worship,school,toilets","gate,lift_gate,wall",administrative,"apartments,commercial,political_party_office,residential",NA,NA,NA,"bus_stop,living_street,path,pedestrian,residential,secondary,secondary_link,service,tertiary,traffic_signals,unclassified",NA,NA,"commercial,farmland,industrial,residential",park,water_tower,NA,wood,"company,estate_agent,political_party",city,"line,substation,tower",platform,NA,"alcohol,car_repair,computer,convenience",NA,hotel,NA,NA
site_1429,"Nehru Nagar, Delhi - DPCC",28.56789,77.250515,108830,20,NA,"atm,bank,bench,bicycle_rental,charging_station,clinic,college,community_centre,dentist,doctors,drinking_water,fast_food,fixme,fuel,hospital,library,music_school,parking,pharmacy,place_of_worship,prep_school,restaurant,school,shelter,studio,toilets,training,tuition,veterinary,veterinary_pharmacy,waste_basket,waste_disposal,waste_transfer_station","bollard,door,entrance,fence,gate,jersey_barrier,kerb,lift_gate,wall","administrative,place","apartments,college,commercial,hospital,house,parking,residential,retail,roof,school,sports_hall,temple","electronics_repair,photo_studio,photographer,shoemaker",landing_site,"alternative,centre,clinic,dentist,doctor,laboratory,pharmacy","bus_stop,crossing,elevator,footway,living_street,path,primary,primary_link,residential,secondary,service,steps,street_lamp,tertiary,tertiary_link,track,traffic_signals",NA,NA,"education,grass,residential","common,fitness_centre,fitness_station,park,pitch,playground,sports_centre","flagpole,manhole,mast,surveillance,utility_pole,water_well",NA,tree,"company,consulting,courier,estate_agent,financial_advisor,government,guide,insurance,lawyer,ngo,notary,property_management","neighbourhood,quarter","generator,line,pole,substation,tower,transformer","platform,station,stop_area,stop_position","rail,railway_crossing,station,stop,subway,subway_entrance","alcohol,appliance,beauty,books,boutique,car,clothes,computer,confectionery,convenience,cosmetics,dairy,electronics,fabric,fashion_accessories,general,gift,hairdresser,interior_decoration,jewelry,mobile_phone,motorcycle,music,nutrition_supplements,pet,prosthetics,repair,security,shoes,sports,stationery,supermarket,trade","basketball,cricket,martial_arts;fitness;boxing;kickboxing,multi,roller_skating,running,shooting;table_tennis,volleyball","artwork,guest_house,hotel",NA,drain
site_1430,"Rohini, Delhi - DPCC",28.732528,77.11992,10269,16,NA,"atm,bank,bus_station,clinic,college,doctors,events_venue,fast_food,fire_station,fixme,fuel,hospital,marketplace,pharmacy,place_of_worship,restaurant,school","bollard,gate,lift_gate,wall","administrative,political","apartments,college,roof,school",NA,landing_site,NA,"crossing,footway,living_street,path,primary,primary_link,residential,service,tertiary,tertiary_link",NA,NA,"commercial,education,greenfield,recreation_ground,residential","fitness_centre,park,pitch","flagpole,pipeline,pumping_station",NA,"tree,water,wood","company,educational_institution,government,it","city,quarter","line,substation,tower","platform,station",NA,"alcohol,car,car_repair,chemist,confectionery,convenience,gift,jewelry,stationery","cricket;soccer,volleyball",NA,wastewater,canal
site_1431,"Patparganj, Delhi - DPCC",28.623763,77.287209,110843,20,NA,"atm,bank,bench,cafe,car_wash,charging_station,childcare,clinic,college,community_centre,doctors,drinking_water,events_venue,fast_food,ice_cream,kindergarten,language_school,library,marketplace,parking,pharmacy,place_of_worship,prep_school,prison,public_bath,restaurant,school,shelter,toilets,waste_disposal,waste_transfer_station,weighbridge","bollard,chain,cycle_barrier,entrance,gate,hedge,kerb,lift_gate,wall",administrative,"apartments,commercial,construction,mosque,residential,retail,roof,school,storage_tank","builder,electrician,electronics_repair,grinding_mill,hvac,laboratory,metal_construction,painter,tailor",fire_hydrant,"alternative,centre,clinic,doctor,laboratory,pharmacy","bus_stop,crossing,cycleway,elevator,footway,living_street,motorway,path,residential,secondary,secondary_link,service,steps,street_lamp,tertiary,tertiary_link,traffic_mirror,traffic_signals,trunk,trunk_link,unclassified",NA,NA,"brownfield,grass,industrial,railway,residential","fitness_centre,fitness_station,garden,outdoor_seating,park,pitch","manhole,pump,storage_tank,street_cabinet,surveillance,utility_pole,water_tap,works",NA,tree,"advertising_agency,association,company,estate_agent,event_organizer,government,lawyer,musician,ngo,political_party","neighbourhood,suburb","generator,line,pole,substation,tower,transformer",platform,"platform,rail","alcohol,appliance,bag,bakery,bathroom_furnishing,beauty,bed,bicycle,butcher,car_repair,carpet,clothes,confectionery,convenience,copyshop,cosmetics,dairy,electrical,fabric,fashion_accessories,furniture,greengrocer,hairdresser,hardware,ironing,jewelry,kitchen,marquee,mobile_phone,motorcycle,motorcycle_repair,paint,pastry,perfumery,pet,pottery,repair,shoes,stationery,tailor,tobacco,toys,trade,travel_agency,watches,water,water_filter","cricket,roller_skating",information,NA,drain
site_1432,"Sonia Vihar, Delhi - DPCC",28.710508,77.249485,2703,7,NA,"hotel,Tour N Travels",wall,administrative,house,NA,NA,NA,"living_street,residential,secondary,secondary_link,service",NA,NA,industrial,garden,NA,NA,wetland,NA,city,"generator,line,plant,tower",station,"construction,station",NA,NA,NA,NA,NA
site_1434,"Wazirpur, Delhi - DPCC",28.699793,77.165453,8917,12,NA,"blood_bank,clinic,events_venue,hospital,kindergarten,school","gate,wall","administrative,political","industrial,school",NA,NA,centre,"bus_stop,footway,living_street,primary,residential,service,tertiary,tertiary_link,traffic_signals",NA,NA,"commercial,industrial,residential",park,NA,NA,tree,"company,administration",locality,"line,tower","platform,station,stop_area,stop_position","rail,station,stop,subway,subway_entrance",car,NA,NA,NA,NA
site_1435,"Vivek Vihar, Delhi - DPCC",28.672342,77.31526,53934,16,NA,"atm,bank,clinic,college,community_centre,drinking_water,fountain,fuel,hospital,parking,parking_space,place_of_worship,prep_school,restaurant,school,toilets,waste_basket","gate,kerb,lift_gate,wall",administrative,"apartments,house,industrial,residential,roof,school,transportation",NA,landing_site,"centre,hospital","bus_stop,construction,crossing,footway,living_street,residential,secondary,service,steps,street_lamp,tertiary,tertiary_link,traffic_signals,trunk,trunk_link",NA,NA,"grass,residential,retail","park,pitch,playground","mast,monitoring_station,water_tower",NA,"tree,tree_row",company,suburb,"line,tower","platform,station,stop_area,stop_position","platform,rail,station,stop,subway,subway_entrance","convenience,gift",athletics,information,NA,NA
site_1437,"Model Town, Patiala - PPCB",30.349388,76.366642,5185,11,NA,"atm,bank,cafe,college,fast_food,hospital,ice_cream,library,marketplace,parking,place_of_worship,restaurant,theatre,university",gate,adminstrative,"college,commercial,service,university",NA,NA,NA,"construction,crossing,footway,living_street,path,residential,secondary,service,tertiary",NA,NA,grass,"park,pitch,swimming_pool",water_tower,NA,water,association,city,"line,tower",platform,NA,"beauty,hairdresser,laundry,stationery,supermarket","multi,soccer","guest_house,hostel",NA,ditch
site_1438,"Civil Line, Jalandhar - PPCB",31.321907,75.578914,8079,4,NA,"bank,blood_bank,hospital,library,parking,post_office,restaurant,school",wall,adminstrative,apartments,NA,NA,hospital,"living_street,primary,primary_link,residential,secondary,service,tertiary,trunk,trunk_link",NA,NA,commercial,"park,garden",NA,NA,tree,government,city,"line,tower",platform,NA,sports massage,NA,"hotel,museum",NA,NA
site_1447,"Deshpande Nagar, Hubballi - KSPCB",15.351773,75.140726,35550,16,NA,"atm,bank,bicycle_parking,bus_station,cafe,cinema,clinic,college,courthouse,events_venue,fast_food,fountain,fuel,hospital,library,marketplace,pharmacy,place_of_worship,police,post_office,public_building,restaurant,school","bollard,wall",administrative,"apartments,commercial,office",NA,fire_hydrant,"clinic,hospital","bus_stop,footway,living_street,path,primary,primary_link,residential,secondary,secondary_link,service,steps,tertiary,traffic_signals,trunk,unclassified","memorial,statue",NA,"commercial,retail","golf_course,park,sports_centre,stadium",water_tower,NA,"tree,grassland","estate_agent,government","city,neighbourhood,suburb","line,tower",station,"buffer_stop,rail","alcohol,books,car,clothes,confectionery,hifi,jewelry,mall,sports",NA,"artwork,attraction,guest_house,hotel,motel",NA,NA
site_1450,"Kalal Majra, Khanna - PPCB",30.736056,76.209694,1170,3,NA,college,NA,adminstrative,house,NA,"fire_hydrant,landing_site",NA,"residential,secondary,service,tertiary,track,unclassified",NA,NA,"education,residential,institutional",common,NA,NA,"tree,grassland","coworking,educational_institution",city,"line,tower station",platform,NA,café,NA,information,NA,stream
site_1538,"Ratanpura, Rupnagar - Ambuja Cements",31.0325454,76.5623046,430,5,NA,parking,fence,adminstrative,NA,NA,NA,NA,"residential,service,tertiary,unclassified",NA,NA,industrial,NA,NA,NA,grassland,NA,village,"line,plant,tower",NA,rail,NA,NA,NA,NA,NA
site_1541,"Knowledge Park - III, Greater Noida - UPPCB",28.47272,77.482,3926,9,NA,"blood_bank,cafe,clinic,college,food_court,hospital,library,parking,place_of_worship,university",gate,adminstrative,apartment,NA,landing_site,"clinic,hospital","construction,footway,path,residential,service,tertiary,unclassified",NA,NA,"construction,grass,orchard",pitch,NA,NA,water,educational_institution,city,"line,tower",platform,NA,NA,"basketball,cricket,soccer,volleyball",hostel,NA,NA
site_1542,"Yamunapuram, Bulandshahr - UPPCB",28.406963,77.849831,6694,7,NA,"blood_bank,clinic,hospital",wall,administrative,house,NA,NA,hospital,"primary,residential,service,tertiary,tertiary_link,unclassified",NA,NA,residential,park,NA,NA,tree,NA,city,line,"platform,bus stop",NA,"samosa wale,café",NA,NA,NA,NA
site_1550,"New Mandi, Muzaffarnagar - UPPCB",29.4723508,77.7194031,4508,5,NA,"blood_bank,bus_station,hospital","wall,gate",adminstrative,apartment,NA,NA,hospital,"primary,primary_link,residential,secondary,service,tertiary",NA,NA,"commercial,residential","park,garden",NA,NA,tree,educational_institution,city,"line,tower",platform,NA,mall,NA,NA,NA,canal
site_1551,"Tamaka Ind. Area, Kolar - KSPCB",13.1276288,78.1570122,44243,5,NA,depot,wall,postal_code,houses,NA,NA,NA,"primary,residential,service,tertiary,trunk,trunk_link,unclassified",NA,NA,industrial,park,NA,NA,water,NA,city,"line,substation,tower",platform,NA,snack centre,NA,NA,NA,NA
site_1560,"Bawana, Delhi - DPCC",28.7762,77.051074,1665,8,NA,hospital,"gate,wall",administrative,office,NA,NA,hospital,"primary,residential,service,tertiary,tertiary_link,track,unclassified",NA,NA,"industrial,residential",park,NA,NA,water,government office,city,"line,substation,tower","platform,busstop","construction,proposed","shoes,garments",NA,NA,pond,NA
site_1561,"Mundka, Delhi - DPCC",28.684678,77.076574,13980,14,NA,"bus_station,cinema","gate,lift_gate,wall","administrative,political",NA,NA,NA,NA,"footway,living_street,residential,service,tertiary,trunk",NA,NA,"industrial,railway,residential",park,wastewater_plant,NA,water,NA,locality,"line,substation,tower","station,stop_area,stop_position","rail,station,subway",fastfood,foot ball,NA,wastewater,"canal,drain"
site_1562,"Sri Aurobindo Marg, Delhi - DPCC",28.531346,77.190156,17806,13,NA,"bar,cafe,fuel,hospital,restaurant,school,shelter,waste_basket","city_wall,fence,gate,wall",administrative,fort,NA,landing_site,hospital,"bus_stop,crossing,footway,path,residential,secondary,service,tertiary,traffic_signals,trunk,trunk_link",NA,NA,"commercial,forest,residential","garden,golf_course,park",mast,NA,"sand,wood",institute,city,"line,substation,tower","platform,stop_position",NA,NA,cricket,attraction,NA,drain
site_1563,"Pusa, Delhi - DPCC",28.639652,77.146275,17951,12,NA,"clinic,fuel,research_institute","gate,wall","administrative,political",NA,electronics_repair,NA,centre,"bus_stop,residential,secondary,secondary_link,service,tertiary,track,unclassified",NA,NA,"farmland,industrial,residential","garden,park",NA,NA,tree,NA,neighbourhood,"line,tower","platform,stop_position","proposed,rail","car,music",NA,NA,NA,drain
site_1569,"New Collectorate, Baghpat - UPPCB",28.974801,77.213357,4770,1,NA,hospital,wall,adminstrative,apartments,NA,fire_hydraunt,hospital,"service,trunk,unclassified",NA,NA,commercial,"park,garden",NA,NA,tree,government,city,line,NA,NA,store,NA,information,NA,NA
site_5023,"Anand Vihar, Hapur - UPPCB",28.725645,77.749675,19910,6,NA,"parata point,food",NA,adminstrative,school,NA,NA,NA,"residential,secondary,service,track,unclassified",NA,NA,industrial,garden,water tank,NA,"tree,grassland",educational_institution,locality,line,NA,rail,"parata point,food",NA,NA,NA,river
site_5024,"Alipur, Delhi - DPCC",28.815329,77.15301,978,4,NA,"farms,college",wall,"administrative,political",office,NA,NA,NA,"residential,secondary,service",NA,NA,industrial,"garden,park,farms",NA,NA,tree,government,neighbourhood,"line,tower",NA,NA,NA,NA,information,NA,NA
site_5025,"NISE Gwal Pahari, Gurugram - IMD",28.422681,77.148944,3614,8,NA,"bank,cafe,community_centre,fuel,place_of_worship,school",gate,administrative,"commercial,roof",NA,NA,NA,"primary,residential,service,services,track,unclassified",NA,NA,"Research_Institute,Research_institute,residential",golf_course,NA,NA,"tree,wood",NA,village,line,cafe and stay,NA,"alcohol,kiosk",NA,NA,NA,NA
site_5040,"Shrivastav Colony, Damoh - MPPCB",23.81748678,79.446246,18961,5,NA,doctors,"gate,wall","administrative,forest",office,NA,NA,NA,"residential,secondary,service,tertiary,trunk,trunk_link,unclassified",NA,NA,residential,park,NA,NA,"tree,wood","educational institute,givernament",city,"line,substation,tower",NA,NA,NA,NA,information,NA,NA
site_5042,"Shasthri Nagar, Ratlam - IPCA Lab",23.331731,75.045981,42233,11,NA,"college,marketplace,school","gate,wall",administrative,house,NA,NA,NA,"residential,secondary,service,tertiary,trunk,turning_circle",monument,NA,"railway,reservoir","park,pitch,stadium",NA,NA,water,NA,city,"line,tower","platform,stop_area","buffer_stop,disused,platform,rail",confectionery,NA,attraction,pond,NA
site_5043,"Sector-7, Kurukshetra - HSPCB",29.966942,76.875879,17106,8,NA,"college,dentist,hospital,school","gate,wall",administrative,school,NA,NA,NA,"construction,residential,service,tertiary,unclassified",NA,NA,"forest,residential,retail",park,water_tower,NA,"tree,wood",NA,village,"line,tower",platform,NA,NA,NA,information,NA,NA
site_5046,"Gobind Pura, Yamuna Nagar - HSPCB",30.1480566,77.2893471,5078,5,NA,"hospital,school",gate,administrative,office,NA,NA,NA,"residential,secondary,service,tertiary,tertiary_link",NA,NA,commercial,park,NA,NA,tree,corporate,village,line,NA,NA,juice corner,NA,NA,NA,NA
site_5048,"Sector-18, Panipat - HSPCB",29.432304,76.972765,84534,7,NA,"community_centre,temple","gate,toll_booth",administrative,roof,NA,NA,NA,"motorway,residential,secondary,service,tertiary,tertiary_link,trunk,trunk_link",NA,NA,"industrial,residential",park,NA,NA,"tree,wood",NA,"neighbourhood,city",line,platform,proposed,clothing Store,NA,NA,NA,NA
site_5051,"F-Block, Sirsa - HSPCB",29.5364,75.0158,2808,4,NA,"blood_bank,clinic,college,hospital","gate,wall",administrative,college,laboratory,landing_site,NA,"primary,residential,service,tertiary",building,NA,"commercial,education,farmland,institutional","grass,park",NA,NA,tree,"educational institute,Governament",city,line,"platform,bustop",NA,"cafe,mess",NA,"artwork,attraction,gallery,information",NA,ditch
site_5052,"Patti Mehar, Ambala - HSPCB",30.379589,76.778328,11878,6,NA,"blood_bank,clinic,dentist,hospital,school",gate,administrative,office,NA,NA,hospital,"primary,primary_link,residential,secondary,tertiary,unclassified",building,NA,"basin,garages",grassland,mast,NA,water,"educational_institution,governamnet",city,line.tower,"platform,busstop",NA,"sweets,fastfood",NA,information,pond,pressurised
site_5053,"Shastri Nagar, Narnaul - HSPCB",28.060249,76.113115,595,6,NA,"conference_centre,courthouse,parking,place_of_worship","gate,wall",administrative,office,NA,NA,NA,"residential,service,unclassified",building,NA,"education,grass,recreation_ground,residential,commercial",playground,NA,NA,tree,"government,security",city,"insulator,line,portal,substation,tower","platform,bus stop",NA,mall,NA,information,NA,NA
site_5054,"Huda Sector, Fatehabad - HSPCB",29.503664,75.467934,8801,4,NA,"park,secratariat,court","gate,wall",administrative,office,NA,NA,NA,"primary,residential,service,tertiary",building,NA,farmland,park,NA,NA,"tree,park",goverment,city,"line,tower","platform,bustsop",NA,juice bhandhar,NA,"artwork,attraction,gallery,information",NA,ditch
site_5055,"General Hospital, Mandikhera(Nuh) - HSPCB",27.9002,76.9938,1770,6,NA,"blood_bank,hospital","gate,wall",adminstrative,apartments,NA,NA,hospital,"residential,trunk",building,NA,residential,"park,grassland",NA,NA,tree,goverment,town,"line,tower",platform,NA,juice,NA,information,NA,NA
site_5057,"Urban Estate-II, Hisar - HSPCB",29.14056,75.744941,2641,6,NA,"fast_food,hospital,school","gate,wall",administrative,apartment,NA,NA,hospital,"primary,residential,secondary,service",NA,NA,residential,park,NA,NA,tree,governament,town,line,platform,"buffer_stop,rail",clothes,NA,information,NA,NA
site_5060,"Nathu Colony, Ballabgarh - HSPCB",28.3419248,77.319699,43936,8,NA,"bus_station,clinic,doctors,hospital,school","gate,lift_gate",administrative,commercial,NA,NA,hospital,"footway,living_street,residential,secondary,secondary_link,service,tertiary,tertiary_link,trunk",NA,NA,"industrial,residential",grassland,water_tower,NA,tree,governament,city,substation,"station,stop_area,stop_position","station,stop,subway","vhay,jio service centre",NA,NA,NA,NA
site_5065,"GIDC, Ankleshwar - GPCB",21.613267,73.010555,1853,9,NA,"clinic,hospital,library","gate,wall",administrative,"office,apartments",NA,NA,"clinic,hospital","path,primary,residential,secondary,tertiary",NA,NA,"industrial,residential",park,works,NA,water,company,city,line,bustop,NA,hardware store,NA,information,reservoir,drain
site_5066,"Sector-10, Gandhinagar - GPCB",23.221714,72.654328,2998,10,helipad,"fast_food,parking_space,restaurant",gate,administrative,"apartments,commercial,government,office,retail",NA,NA,NA,"footway,pedestrian,residential,service,tertiary","building,",NA,"commercial,grass,greenfield,residential",park,statue,NA,water,government,neighbourhood,lNA,platform,NA,"airtel store,food",NA,"artwork,attraction,gallery,information,museum,zoo",NA,NA
site_5067,"Phase-4 GIDC, Vatva - GPCB",22.969611,72.6435,1486,7,NA,electronics,gate,administrative,"apartments,office",NA,NA,NA,"primary,residential,secondary,service,tertiary,unclassified",building,NA,industrial,grassland,water_tower,NA,tree,company,city,"line,substation,tower",platform,NA,NA,NA,information,NA,stream
site_5068,"Sahilara, Maihar - KJS Cements",24.2613009,80.7231783,3218,10,NA,place_of_worship,gate,"administrative,forest",religious,NA,NA,NA,"pedestrian,residential,secondary,service",temple,NA,residential,park,NA,NA,"peak,water,wood",temple,village,NA,NA,NA,NA,NA,attraction,lake,river
site_5071,"Phase-1 GIDC, Vapi - GPCB",20.362421,72.918013,37455,6,NA,"hotel,Tour N Travels",gate,administrative,apartment,NA,NA,hospicare,"primary,residential,secondary,service,tertiary,trunk,trunk_link,unclassified",NA,NA,industrial,grass,water_tower,NA,tree,company,town,line,platform,NA,supermarket,NA,hotel,NA,NA
site_5073,"Railway Colony, Guwahati - PCBA",26.181742,91.78063,37260,13,NA,"bank,cafe,cinema,clinic,college,events_venue,place_of_worship,restaurant","gate,jersey_barrier",administrative,"apartments,commercial",NA,NA,"laboratory,hospital","primary,residential,secondary,service,tertiary,unclassified",memorial,NA,"residential,retail",playground,NA,NA,tree,educational_institution,suburb,line,platform,"buffer_stop,level_crossing,proposed,rail,switch","chemist,clothes,confectionery,greengrocer,hardware,shoes",NA,hostel,NA,NA
site_5081,"Sanjay Nagar, Ghaziabad - UPPCB",28.685382,77.453839,66178,7,NA,"clinic,college,hospital,place_of_worship",gate,administrative,hospital,NA,NA,hospital,"living_street,residential,service,tertiary,track,trunk,trunk_link",NA,NA,"Neighborhood,hospital,neighborhood,residential",park,NA,NA,"tree,garden",hospital,town,"line, tower",platform,NA,fastfood,NA,NA,NA,NA
site_5082,"Indirapuram, Ghaziabad - UPPCB",28.646233,77.358075,11947,13,NA,"bank,food_court,hospital",gate,adminstrative,"residential,school",NA,NA,hospital,"living_street,motorway,residential,service,tertiary,tertiary_link",NA,NA,"recreation_ground,residential",park,water_tower,NA,water,NA,"neighbourhood,city","line,tower",platform,NA,"medical_supply,stationery,supermarket,variety_store",NA,NA,river,"canal,drain"
site_5083,"Loni, Ghaziabad - UPPCB",28.757294,77.278792,5573,2,NA,clinic,gate,administrative,residential,NA,NA,NA,"construction,residential,service,tertiary,trunk",NA,NA,neighbouhood,park,NA,NA,grassland,NA,neighbourhood,line,platform,NA,CAR rentals,NA,NA,NA,NA
site_5101,"Belur Math, Howrah - WBPCB",22.629801,88.352017,26008,18,NA,"guesthouse,pharmacy",gate,administrative,"college,dormitory,temple",NA,fire_hydrant,pharmacy,"bus_stop,living_street,path,primary,residential,service,tertiary,track,unclassified",NA,NA,railway,"garden,pitch",water_tap,NA,"tree,tree_row,water",educational_institution,city,"line,tower","platform,station","rail,station",confectionery,"soccer,volleyball","hostel,museum","pond,river",NA
site_5102,"Vasai West, Mumbai - MPCB",19.3832,72.8204,4831,9,NA,hospital,gate,administrative,school,NA,NA,counselling,"residential,service,tertiary,tertiary_link,unclassified",NA,NA,"residential,salt_pond",park,water_plant,NA,wetland,NA,"suburb,town",NA,platform,NA,"momo hub,pizza hut",NA,NA,NA,NA
site_5103,"Nerul, Navi Mumbai - MPCB",19.008751,73.01662,10890,17,NA,"bank,bicycle_rental,bus_station,childcare,fast_food,fountain,fuel,hospital,marketplace,parking,place_of_worship,post_office,restaurant,school,taxi,toilets,waste_basket,waste_transfer_station","fence,gate,motorcycle_barrier,stile,wall",administrative,"apartments,residential,retail,school",NA,NA,"hospice,hospital","bus_stop,crossing,cycleway,footway,path,pedestrian,primary,primary_link,residential,secondary,secondary_link,service,steps,tertiary,traffic_signals,unclassified",NA,NA,"construction,grass,recreation_ground,religious,residential","bird_hide,common,fitness_station,garden,horse_riding,park,pitch,playground,swimming_pool","wastewater_plant,water_works",NA,"tree,water,wetland,wood",telecommunication,neighbourhood,"generator,line,substation,tower","platform,station",NA,"mall,pyrotechnics,supermarket","cricket,fitness,soccer,tennis","attraction,guest_house,information","lake,pond,wastewater",NA
site_5104,"Kurla, Mumbai - MPCB",19.0863,72.8888,18296,18,NA,"atm,bank,bar,cafe,campus,clinic,fast_food,fire_station,fuel,grave_yard,parking,pharmacy,place_of_worship,police,restaurant,school,university,vending_machine",gate,administrative,"apartments,church,commercial,house,industrial,kindergarten,retail,school,university",NA,NA,clinic,"bus_stop,living_street,pedestrian,primary,primary_link,residential,secondary,service,tertiary,tertiary_link,traffic_signals,unclassified","memorial,wayside_cross",NA,"cemetery,commercial,construction,grass,industrial,locality,military,recreation_ground,religious,residential,retail","park,pitch",NA,NA,"cliff,tree,wetland,wood",educational_institution,neighbourhood,line,"platform,stop_area,stop_position",construction,"baby_goods,car,car_repair,coffee,interior_decoration,mall,motorcycle,sports,stationery,supermarket,tyres",football;cricket,hotel,NA,drain
site_5105,"Udyogamandal, Eloor - Kerala PCB",10.073232,76.302765,19710,13,NA,"atm,bank,fuel,police,post_box,post_office,school,taxi",gate,local_authority,"office,education_Instition",NA,NA,NA,"bus_stop,crossing,path,residential,secondary,secondary_link,service,tertiary,traffic_signals,trunk,trunk_link,unclassified",house,NA,"grass,industrial,recreation_ground,residential,village_green","pitch,fitness_station",pipeline,NA,water,"government,ngo","neighbourhood,city","line,plant,substation,tower",platform,NA,NA,foot ball,artwork,river,river
site_5106,"Vile Parle West, Mumbai - MPCB",19.10861,72.83622,18494,17,NA,"atm,blood_bank,cafe,clinic,college,doctors,fast_food,fuel,grave_yard,hospital,ice_cream,parking,parking_entrance,restaurant,school,toilets,university","gate,lift_gate",administrative,"apartments,college,commercial,hospital,hotel,residential,roof,school,university",NA,"fire_alarm_box,fire_extinguisher",hospital,"bus_stop,footway,path,primary,primary_link,residential,secondary,service,steps,tertiary,traffic_signals",building,NA,"education,hospital,industrial,recreation_ground,residential,retail","garden,park,pitch,sports_centre,swimming_pool",surveillance,NA,water,company,suburb,line,platform,construction,"beauty,convenience,dairy,mobile_phone,stationery,supermarket","tennis,tennis;squash;swimming",NA,drain,drain
site_5107,"Chhatrapati Shivaji Intl. Airport (T2), Mumbai - MPCB",19.10078,72.87462,15775,17,"aerodrome,apron,gate,hangar,parking_position,taxiway,terminal","atm,bureau_de_change,cafe,check_in,drinking_water,fast_food,fuel,parking,parking_entrance,place_of_worship,restaurant,security_booth,taxi,telephone,toilets","gate,lift_gate","administrative,public_transport","construction,hotel,industrial,roof,transportation",NA,"fire_hydrant,landing_site",NA,"bus_stop,crossing,footway,living_street,motorway,motorway_link,residential,secondary,service,steps,tertiary,traffic_signals",NA,NA,"commercial,construction,industrial,residential","park,pitch,sports_centre,swimming_pool",NA,NA,water,airline,"borough,city","line,tower","platform,station,stop_area,stop_position","platform,station,stop,subway","duty_free,model","swimming,swimming__fitness__squash__tennis__croquet","hotel,information","canal,river","drain,river,stream"
site_5109,"Jai Bhim Nagar, Meerut - UPPCB",28.9535882,77.7622941,12400,8,NA,"atm,blood_bank,college,hospital,school",,administrative,college,NA,NA,hospital,"residential,service,tertiary,trunk,trunk_link,unclassified",NA,NA,residential,"pitch,garden",water_tower,NA,tree,NA,city,"line,tower",platform,proposed,NA,NA,information,NA,river
site_5110,"Fort William, Kolkata - WBPCB",22.55664,88.342674,12255,12,NA,"hotel,institute,golf_cource",gate,administrative,stadium,NA,NA,NA,"footway,path,secondary,secondary_link,service,tertiary,tertiary_link,track",fort,NA,"military,recreation_ground","golf_course,park,pitch,stadium,swimming_pool",statue,academy,"sand,scrub,tree,water,wood",goverment,city,"line,tower",platform,tram,NA,soccer,attraction,"moat,reservoir",drain
site_5111,"Jadavpur, Kolkata - WBPCB",22.49929,88.36917,36193,14,NA,"atm,blood_bank,bus_station,college,hospital,marketplace,place_of_worship,police,research_institute,restaurant,school,stage,university",gate,administrative,school,NA,NA,hospital,"bus_stop,footway,living_street,primary,residential,secondary,service,tertiary,unclassified",memorial,NA,"commercial,industrial,residential,retail","park,pitch",NA,NA,water,research,suburb,"line,tower","platform,station",rail,optician,na,information,"lake,pond",NA
site_5112,"Powai, Mumbai - MPCB",19.1375,72.915056,8280,19,NA,"bench,bicycle_parking,cafe,college,drinking_water,events_space,fast_food,library,mess,motorcycle_parking,place_of_worship,restaurant,school,taxi,toilets,university,waste_basket,waste_disposal,water_point","fence,gate","administrative,national_park","apartments,bungalow,civic,college,dormitory,garage,greenhouse,industrial,residential,roof,service,university",NA,fire_hydrant,NA,"bus_stop,cycleway,elevator,footway,living_street,path,pedestrian,residential,service,steps,track",monument,NA,"military,recreation_ground,residential","bandstand,fitness_centre,garden,nature_reserve,park,pitch,sports_centre,swimming_pool,track","mast,pipeline,water_tap,water_tower",NA,"peak,scrub,water","educational_institution,government","locality,neighbourhood","line,tower",platform,NA,"convenience,copyshop,department_store,laundry,tea","badminton,basketball,cricket,field_hockey,running,soccer,soccer__tennis__gym__skates__swimming___,swimming,table_tennis;table_soccer;pool;chess,tennis,volleyball","artwork,hostel,viewpoint","lake,reservoir",NA
site_5113,"Borivali East, Mumbai - MPCB",19.2243333,72.8658113,56326,19,NA,"bus_station,clinic,community_centre,fountain,fuel,hospital,parking_entrance,school,shelter,toilets","bollard,gate,lift_gate",national_park,"apartments,commercial,school,train_station",NA,NA,hospital,"construction,footway,living_street,primary,residential,secondary,secondary_link,service,steps,tertiary,tertiary_link,traffic_signals,trunk,trunk_link,unclassified",NA,depot,"construction,industrial,recreation_ground,residential","fitness_centre,nature_reserve,outdoor_seating,park,playground,swimming_pool",NA,NA,water,corporate,"neighbourhood,suburb","line,substation,tower","platform,station,stop_area,stop_position","miniature,platform,station,stop,subway","mall,supermarket",yoga,apartment,river,river
site_5114,"Mahape, Navi Mumbai - MPCB",19.1135051,73.008978,14154,16,NA,"bank,college,fast_food,fire_station,fuel,school",gate,administrative,"apartments,residential,train_station,transportation",NA,NA,NA,"bus_stop,crossing,footway,living_street,primary,primary_link,residential,secondary,service,steps,tertiary,traffic_signals,unclassified",NA,NA,"commercial,construction,grass,industrial","park,pitch","gasometer,storage_tank",NA,"tree_row,water","government,it,newspaper","locality,neighbourhood",line,"platform,station,stop_area,stop_position","construction,platform,rail,station,stop","foodway,biryani",badminton,hotel,pond,drain
site_5118,"Khadakpada, Kalyan - MPCB",19.25292,73.142019,25674,10,NA,"college,fast_food,hospital,restaurant,school,theatre","gate,lift_gate",administrative,residential,NA,NA,hospital,"footway,residential,secondary,service,tertiary,tertiary_link,track,traffic_signals,trunk,trunk_link,unclassified",NA,NA,"commercial,residential",park,"pipeline,storage_tank,wastewater_plant,water_tower",NA,tree,government,"square,suburb",line,"platform,busstop",NA,"dhaba,chinese,restuarant",NA,NA,NA,NA
site_5119,"Sion, Mumbai - MPCB",19.047,72.8746,98795,20,NA,"blood_bank,bus_station,college,fuel,hospital,library,parking,place_of_worship,townhall","gate,wall",administrative,"apartments,college,commercial,hospital,kindergarten,office,residential,school",NA,"fire_alarm_box,fire_extinguisher",hospital,"bus_stop,footway,path,primary,primary_link,residential,secondary,service,tertiary,trunk,trunk_link,unclassified",building,bus_depot,"commercial,construction,grass,industrial,recreation_ground,residential","garden,park,pitch,playground","pipeline,storage_tank",NA,"water,wetland",company,neighbourhood,"line,tower","platform,station,stop_position","construction,monorail,proposed","general store,juice shop",cricket,museum,"drain,stream","drain,stream"
site_5120,"Colaba, Mumbai - MPCB",18.91,72.82,310962,20,NA,"bus_station,clinic,community_centre,ice_cream,marketplace,place_of_worship,police,post_office,restaurant,school","gate,wall","administrative,administrative_cooperation,local_authority","apartments,chapel,church,commercial,construction,hotel,house,residential,warehouse",NA,NA,NA,"bus_stop,footway,path,residential,secondary,secondary_link,service,tertiary,traffic_signals",church,depot,"commercial,construction,grass,industrial,military,religious,residential","fitness_centre,park,swimming_pool","pier,wastewater_plant",NA,"coastline,tree,water,wetland",government,"island,locality,neighbourhood,sea,state","line, tower","platform,station,stop_area,stop_position","station,stop,subway","bakery,car_parts,hairdresser,supermarket",swimming,hotel,reservoir,dock
site_5121,"Knowledge Park - V, Greater Noida - UPPCB",28.557054,77.453663,1526,7,NA,"college,ground",gate,administrative,"apartments,school",NA,NA,NA,"footway,residential,secondary,service,tertiary,track,unclassified",house,NA,"education,grass,residential","park,pitch,swimming_pool","pipeline,reservoir_covered",NA,"tree,garden",educational institute,city,"line,tower","platform,bustop",NA,NA,"basketball,tennis",information,NA,NA
site_5122,"Sector-116, Noida - UPPCB",28.56923,77.393848,6263,11,NA,"clinic,hospital,parking","gate,lift_gate",administrative,"apartments,shed",NA,NA,"clinic,hospital","construction,footway,path,primary,primary_link,residential,service,tertiary",NA,NA,"farmland,residential",park,mast,NA,water,NA,city,"line,tower",platform,NA,car_repair,NA,NA,pond,NA
site_5125,"Hebbal 1st Stage, Mysuru - KSPCB",12.21041,76.37376,370,3,NA,temple,fence,administrative,farm,NA,NA,NA,"tertiary,unclassified",NA,NA,farmland,grassland,NA,NA,"tree,tree_row",NA,neighbourhood,line,bustop,NA,NA,NA,NA,lake,NA
site_5126,"Rabindra Sarobar, Kolkata - WBPCB",22.51106,88.35142,22006,17,NA,"atm,bank,bus_station,cafe,cinema,clinic,college,drinking_water,fuel,hospital,parking,place_of_worship,restaurant,social_center,toilets",gate,administrative,"detached,school,stadium",NA,NA,"clinic,hospital,laboratory","footway,path,residential,secondary,service,tertiary,tertiary_link",city_gate,NA,"industrial,residential,retail","park,pitch,sports_centre,stadium,swimming_pool",NA,NA,water,government,"islet,suburb",line,"platform,station","platform,rail,station,switch","bakery,coffee,hairdresser,tea","cricket,rowing,soccer,swimming","artwork,guest_house",reservoir,NA
site_5127,"Sector-25, Chandigarh - CPCC",30.751462,76.762879,10695,10,NA,"atm,clinic,college,hospital,library,parking,parking_space,restaurant,school,university",gate,administrative,"commercial,garages,house,university",NA,NA,"centre,hospital","footway,residential,secondary,secondary_link,service,tertiary,tertiary_link",building,NA,"commercial,residential","garden,park,pitch,playground,track",NA,NA,tree,corporate,city,line,platform,NA,canteen,"basketball,running","attraction,guest_house,hostel",NA,NA
site_5128,"Gomti Nagar, Lucknow - UPPCB",26.86812,81.005119,3081,11,NA,"bar,blood_bank,college,conference_centre,courthouse,hospital,restaurant","gate,lift_gate",administrative,apartments,NA,ambulance_station,hospital,"footway,living_street,residential,service,tertiary,tertiary_link",NA,NA,"brownfield,commercial,industrial,residential","park,pitch",NA,office,tree,"government,it",city,"line,tower",platform,NA,"cafe,general store",tennis,hotel,NA,NA
site_5129,"Bidhannagar, Kolkata - WBPCB",22.58157048,88.41002457,32332,16,NA,"bank,cafe,college,community_centre,drinking_water,ice_cream,restaurant,school,university","bollard,gate,wall",administrative,"office,residential,university",NA,NA,NA,"bus_stop,footway,residential,secondary,secondary_link,service,tertiary,tertiary_link,turning_circle",building,NA,"commercial,grass,greenfield,industrial,meadow,recreation_ground,residential,retail","park,pitch,playground",NA,NA,water,company,"city_block,neighbourhood,suburb",line,platform,"level_crossing,subway,switch","alcohol,beauty,chemist,computer,confectionery,convenience,doityourself,florist,tea",cricket,guest_house,"pond,reservoir,tank",NA
site_5238,"Ballygunge, Kolkata - WBPCB",22.5367507,88.3638022,36375,19,NA,"atm,bank,bar,cafe,charging_station,cinema,clinic,college,dentist,fast_food,fuel,hospital,ice_cream,marketplace,pharmacy,restaurant,school","fence,gate,lift_gate",administrative,"apartments,commercial,detached,museum,residential,retail",confectionery,NA,"clinic,dentist,hospital,pharmacy","bus_stop,crossing,footway,living_street,motorway,motorway_junction,path,primary,primary_link,residential,secondary,service,tertiary,traffic_signals,trunk,trunk_link",cannon,NA,"commercial,grass,industrial,recreation_ground,residential,village_green","park,pitch,playground",NA,"barracks,office","tree,water","diplomatic,government",suburb,line,platform,"crossing,level_crossing,railway_crossing,tram,tram_level_crossing","car,confectionery,mall,supermarket","basketball;badminton;gymnastics,cricket;soccer,ice_skating,tennis","artwork,hostel,hotel,museum",pond,NA
site_5247,"T T Nagar, Bhopal - MPPCB",23.233584,77.400574,8384,13,NA,"atm,bank,cinema,clinic,fast_food,fuel,hospital,parking,pharmacy,restaurant,school,toilets","gate,wall",adminstrative,house,NA,landing_site,NA,"bus_stop,busway,crossing,primary,primary_link,residential,secondary,secondary_link,service,tertiary,tertiary_link,traffic_signals",NA,NA,"commercial,construction,grass,residential","pitch,sports_centre,stadium,track",water_tower,NA,tree,educational_institute,neighbourhood,pole,platform,"construction,proposed","alcohol,bakery,confectionery,jewelry","running,soccer,tennis",hotel,NA,NA
site_5248,"Chhoti Gwaltoli, Indore - MPPCB",22.431,75.5213,1231,2,NA,"fort,clothing store",fence,forest,NA,NA,NA,NA,NA,fort,NA,"farmland,forest",common,NA,NA,"wood,heath",NA,"farm,locality",NA,NA,NA,clothing Store,NA,attraction,NA,NA
site_5249,"Marhatal, Jabalpur - MPPCB",23.168606,79.932247,24975,14,NA,"blood_bank,bus_station,cinema,food_court,hospital,place_of_worship",NA,administrative,commercial,NA,NA,NA,"living_street,path,primary,primary_link,residential,service,tertiary,trunk,trunk_link",memorial,NA,commercial,"park,pitch,stadium",water_tower,NA,grassland,NA,city,"line,tower",bustop,NA,"clothes,electrical,mall,newsagent,photo,shoes,sports","multi,soccer;tennis;swimming;basketball;chess;table_tennis;cricket;volleyball;cycling;badminton",hotel,NA,river
site_5250,"Gole Bazar, Katni - MPPCB",23.50016,80.23284,392,1,NA,school,"fence,hedge",administrative,NA,NA,NA,NA,secondary ,NA,NA,NA,garden,NA,NA,tree,NA,"farm,locality",line,NA,NA,NA,NA,NA,NA,NA
site_5254,"Collector Office, Yadgir - KSPCB",16.7602,77.1428,12538,10,NA,"cafe,fuel",city_wall,administrative,residential,NA,NA,hospital,"footway,primary,residential,service,tertiary,trunk",castle,NA,industrial,garden,pipeline,NA,"bare_rock,water",NA,town,"line,tower",platform,NA,general store ,NA,viewpoint,NA,NA
site_5257,"Pallavpuram Phase 2, Meerut - UPPCB",29.06351,77.709723,17631,12,NA,"bank,blood_bank,cinema,fast_food,fuel,hospital,marketplace,post_office",gate,adminstrative,"commercial,industrial,roof",NA,NA,hospital,"residential,service,tertiary,tertiary_link,trunk,trunk_link,unclassified",NA,NA,"industrial,residential",park,water_tower,NA,tree,research,city,generator,platform,"construction,rail",mall,NA,NA,NA,NA
site_5258,"Ganga Nagar, Meerut - UPPCB",28.999264,77.7590354,1564,13,NA,"bench,college,fountain,hospital,parking,restaurant,toilets",wall,adminstrative,"commercial,residential",NA,NA,hospital,"footway,living_street,residential,steps,tertiary,tertiary_link,unclassified",NA,NA,residential,"park,pitch,playground",water_tower,NA,tree,government,city,"line,tower",platform,NA,"copyshop,general,mobile_phone,printing,supermarket,tiles",basketball,information,NA,NA
site_5262,"Rajbansi Nagar, Patna - BSPCB",25.599486,85.113666,42071,13,NA,place_of_worship,gate,local_authority,NA,NA,NA,centre,"footway,primary,residential,secondary,service,tertiary,tertiary_link,trunk",NA,NA,grass,"park,pitch,stadium",statue,NA,"tree,water",NA,city,"line,tower","platform,stop_area,stop_position","abandoned,halt,platform,proposed,rail,stop",fastfood,tennis,gallery,reservoir,canal
site_5263,"Samanpura, Patna - BSPCB",25.596727,85.085624,3196,15,"aerodrome,apron,holding_position,jet_bridge,parking_position,runway,taxiway,terminal","college,doctors","gate,hedge",local_authority,college,NA,ambulance_station,doctor,"footway,path,residential,secondary,service,tertiary,tertiary_link",building,NA,"construction,forest,grass","golf_course,pitch",NA,NA,"scrub,tree_row,water",government,city,"line,tower","platform,station",rail,general,"badminton,basketball,cricket,soccer,tennis",hostel,reservoir,NA
site_5264,"Vidayagiri, Bagalkot - KSPCB",16.172806,75.659694,1391,10,NA,"atm,bank,cafe,clinic,college,dentist,fuel,hospital,library,place_of_worship,restaurant,school,university",wall,administrative,school,NA,landing_site,hospital,"bus_stop,living_street,mini_roundabout,primary,residential,service,tertiary,unclassified",house,NA,"greenfield,residential","pitch,sports_centre",silo,NA,"tree,tree_row",architect,neighbourhood,"line,tower",platforn,NA,"hotel,restaurant,pizza,fastfood,chai,baby store,",basketball,"hostel,hotel",NA,NA
site_5265,"Kalyana Nagara, Chikkamagaluru - KSPCB",13.328028,75.797056,4746,9,helipad,"college,school",wall,administrative,"college,school",NA,NA,NA,"residential,secondary,service,tertiary,track,trunk,unclassified",NA,NA,residential,"pitch,stadium,swimming_pool",NA,NA,water,NA,city,"line,tower",platform,NA,"café,restaurant",swimming,hostel,pond,NA
site_5266,"Vinoba Nagara, Shivamogga - KSPCB",13.94,75.555917,23793,7,NA,"hospital,restaurant,school",wall,administrative,apartments,NA,NA,NA,"residential,secondary,service,tertiary,tertiary_link,trunk,trunk_link,unclassified",NA,NA,"cemetery,industrial",NA,water_tower,NA,tree,NA,"locality,suburb",line,NA,NA,"bar,restaurant,hotel,furniture store",NA,NA,tank,canal
site_5267,"Ibrahimpur, Vijayapura - KSPCB",16.802639,75.722694,15421,7,NA,"bank,clinic,fuel,hospital,place_of_worship","wall,gate",adminstrative,hospital,laboratory,"fire_hydrant,fire_extinguisher",hospital,"primary,primary_link,residential,service,tertiary,trunk,unclassified",building,NA,commercial,park,NA,NA,tree,NA,"locality,suburb","line,tower",station,"halt,level_crossing,rail","general_store,tailor",NA,apartment,NA,NA
site_5270,"Vyttila, Kochi - Kerala PCB",9.969447,76.321186,60620,21,helipad,"atm,bank,bar,bus_station,cafe,charging_station,events_venue,ferry_terminal,hospital,library,marketplace,parking,pharmacy,place_of_worship,police,restaurant,school,taxi,toilets","bollard,fence,gate,jersey_barrier,kerb,wall","local_authority,political","apartments,commercial,construction,detached,hospital,house,mosque,office,retail,roof,school,service,temple,transportation",handicraft,NA,"alternative,hospital,laboratory,pharmacy","bus_stop,crossing,footway,living_street,path,primary,primary_link,residential,secondary,service,street_lamp,tertiary,tertiary_link,traffic_signals,trunk,trunk_link,unclassified",NA,NA,"farmland,grass,orchard,religious,residential,retail","fitness_centre,park,swimming_pool",tower,NA,"scrub,tree,water","company,consulting,financial,government,insurance,newspaper","islet,locality,plot,suburb","line,tower","platform,station,stop_area,stop_position","rail,station,stop,subway","alcohol,bakery,beauty,bicycle,clothes,copyshop,jewelry,medical_supply,motorcycle,motorcycle_repair,shoes,supermarket,ticket,tiles",NA,hotel,"pond,river",canal
site_5271,"Palayam, Kozhikode - Kerala PCB",11.249077,75.784371,51593,19,NA,"atm,bank,blood_bank,bus_station,cinema,clock,college,community_centre,conference_centre,fast_food,fuel,hospital,library,marketplace,motorcycle_parking,parking,pharmacy,place_of_worship,police,post_office,restaurant,school,shelter,social_centre,taxi,theatre,toilets,townhall",gate,local_authority,"apartments,college,commercial,construction,hospital,hotel,house,industrial,public,residential,retail,school,train_station",confectionery,NA,"hospice,hospital,pharmacy","bus_stop,crossing,elevator,footway,living_street,mini_roundabout,path,pedestrian,primary,residential,secondary,service,steps,tertiary,tertiary_link,unclassified","building,wayside_shrine",bus_depot,"commercial,grass,industrial,railway,recreation_ground,residential,retail","park,playground","surveillance,water_tap",NA,"tree,water","association,company,educational_institution,government,lawyer,telecommunication","locality,neighbourhood,suburb","line,tower","platform,station,stop_position","buffer_stop,level_crossing,platform,proposed,rail,station,switch,yard","books,clothes,department_store,electronics,general,hardware,houseware,jewelry,mall,medical_supply,optician,outdoor,shoes,stationery,supermarket,ticket,tiles",NA,"apartment,artwork,attraction,guest_house,hostel,hotel,motel","pond,reservoir",NA
site_5272,"Kacheripady, Ernakulam - Kerala PCB",9.985653,76.281342,31485,18,NA,"atm,bank,bar,cafe,car_wash,cinema,clinic,college,coworking_space,dentist,doctors,fast_food,food_court,fuel,hospital,ice_cream,kindergarten,marketplace,parking,pharmacy,place_of_worship,police,post_office,pub,restaurant,school,taxi,toilets,townhall","gate,wall","local_authority,protected_area","apartments,college,commercial,detached,hospital,hotel,mosque,office,retail,school,warehouse",NA,NA,"alternative,clinic,doctor,hospital,laboratory,pharmacy,rehabilitation","bus_stop,footway,living_street,path,pedestrian,primary,primary_link,residential,secondary,service,tertiary,traffic_signals,unclassified",building,NA,"education,railway,residential","fitness_centre,nature_reserve,pitch",NA,NA,water,"administrative,company,consulting,educational_institution,financial,government,insurance,it,lawyer,logistics,newspaper,tax_advisor,telecommunication",suburb,generator,"platform,station,stop_area,stop_position","station,stop,subway","bakery,beverages,books,car_parts,clothes,coffee,convenience,copyshop,department_store,frame,furniture,gift,hairdresser,health_food,jewelry,kiosk,mall,optician,photo,religion,second_hand,shoes,stationery,supermarket,travel_agency","fitness,soccer","apartment,attraction,guest_house,hostel,hotel,motel",canal,NA
site_5273,"City Center, Gwalior - MPPCB",26.203442,78.193251,2698,11,NA,"clinic,university",gate,administrative,"apartments,university",NA,NA,clinic,"footway,primary,primary_link,residential,secondary,secondary_link,service,tertiary",building,NA,"education,commercial","pitch,track",water_tower,NA,"tree,tree_row",government,city,"line,tower",platform,NA,orthopedics,athletics,guest_house,NA,NA
site_5274,"GIDC, Nandesari - Nandesari Ind. Association",22.410802,73.097923,1852,5,NA,"chemicalpant,policestation","gate,wall",administrative,aparments,NA,fire_alarm_box,hospital,"residential,service,track,unclassified",building,NA,industrial,NA,works,NA,"tree,water","company,energy_supplier,governament",city,"line,substation,tower",platform,rail,NA,NA,information,tank,NA
site_5275,"Phool Bagh, Gwalior - Mondelez Ind. Food",26.210536,78.171,5709,11,NA,"cafe,clinic,college,fast_food,parking,parking_entrance,place_of_worship","gate,wall",administrative,office,NA,NA,NA,"path,primary,residential,secondary,service,tertiary,traffic_signals,trunk_link",castle,NA,"greenfield,residential",park,water_tower,NA,"scrub,water",NA,city,"line,tower",platform,"disused,level_crossing,narrow_gauge","mall,supermarket",NA,"artwork,attraction,zoo",pond,NA
site_5276,"Thavakkara, Kannur - Kerala PCB",11.875,75.3732,79140,19,NA,"atm,bank,bar,bus_station,cafe,childcare,cinema,college,conference_centre,courthouse,fast_food,fuel,hospital,internet_cafe,library,marketplace,motorcycle_rental,parking,parking_space,pharmacy,place_of_worship,police,prison,recycling,restaurant,school,taxi,toilets",fence,"administrative,local_authority","civil_station,commercial,hospital,house,kindergarten,school,service,transportation,warehouse",handicraft,NA,"alternative,hospice,hospital,laboratory,pharmacy","bus_stop,cycleway,footway,residential,secondary,secondary_link,service,tertiary,tertiary_link,traffic_signals,trunk,trunk_link,unclassified",memorial,NA,"commercial,garages,railway,residential","park,pitch,stadium",NA,NA,"tree,water","association,educational_institution,energy_supplier,government,newspaper","city,city_block,neighbourhood,suburb",line,"platform,station,stop_position","buffer_stop,platform,proposed,rail,switch","bakery,car,clothes,computer,dairy,electronics,furniture,greengrocer,hairdresser,mall,medical_supply,mobile_phone,motorcycle_repair,pet,travel_agency","football,multi,tennis","artwork,guest_house,hotel",pond,NA
site_5334,"Polayathode, Kollam - Kerala PCB",8.8787,76.6073,74314,18,NA,"atm,bank,cafe,clinic,college,conference_centre,crematorium,fast_food,food_court,fuel,grave_yard,hospital,ice_cream,internet_cafe,library,marketplace,parking,pharmacy,place_of_worship,post_office,prep_school,restaurant,school,toilets",wall,administrative,"college,commercial,hospital,house,school,shed","dressmaker,grinding_mill",NA,"alternative,hospital,pharmacy","bus_stop,crossing,primary,residential,secondary,service,tertiary,traffic_signals,unclassified",church,NA,"cemetery,education,religious,residential","fitness_centre,pitch",NA,NA,water,"educational_institution,government","locality,neighbourhood,suburb",generator,platform,"level_crossing,rail","bakery,beauty,books,clothes,computer,convenience,copyshop,dairy,general,greengrocer,hardware,houseware,mall,motorcycle,paint,shoes,stationery,supermarket,variety_store","soccer,soccer;basketball","artwork,hostel",pond,drain
site_5335,"Govt. High School Shikarpur, Patna - BSPCB",25.592539,85.227158,39673,12,NA,"atm,conference_centre,drinking_water,parking,parking_space,place_of_worship,school",gate,local_authority,"commercial,residential,retail,school,temple",NA,NA,NA,"footway,living_street,pedestrian,primary,residential,secondary,service,tertiary,unclassified",building,NA,grass,park,works,NA,water,educational institute,neighbourhood,line,NA,"rail,switch","biryani mahal,fast food,cafe",NA,"guest_house,museum","lake,pond",NA
site_5336,"DRM Office Danapur, Patna - BSPCB",25.586562,85.043586,39604,12,NA,"atm,college,hospital,parking,place_of_worship,school,toilets",gate,administrative,"hospital,house,school",NA,NA,hospital,"living_street,primary,residential,secondary,service,tertiary",NA,NA,"commercial,industrial,military,residential",playground,NA,NA,water,goverment,suburb,"line,tower","platform,station,stop_area,stop_position","buffer_stop,platform,rail,station,stop,switch",NA,NA,information,pond,NA
site_5337,"Industrial Area, Hajipur - BSPCB",25.697189,85.2459,3598,8,NA,research_institute,"gate,wall",administrative,industrial,NA,NA,NA,"residential,service,tertiary,trunk",castle,NA,residential,"grass,land",works,NA,tree,educational_institution,city,"line,substation,tower",platform,NA,"fast food,grocery shop",NA,"hostel,information",NA,canal
site_5338,"SFTI Kusdihra, Gaya - BSPCB",24.762518,84.982348,4902,3,NA,"forest Training Institute,ATM,Templeeduaction center","gate,wall",administrative,institutional,NA,NA,NA,"primary,residential,service",building,NA,residential, nature_reserve,NA,NA,scrub,educational institute,city,"line,tower",platform,NA,NA,NA,water_fall,NA,NA
site_5339,"Mini Secretariat, Charkhi Dadri - HSPCB",28.593883,76.270653,3293,9,NA,hospital,"gate,wall",administrative,hospital,NA,NA,NA,"living_street,residential,secondary,tertiary,unclassified",NA,NA,residential,park,NA,NA,water,NA,town,line,platform,NA,jewelry,NA,NA,pond,NA
site_5340,"New Industrial Town, Faridabad - HSPCB",28.39072,77.30059,5625,9,NA,"auditorium,blood_bank,bus_station,cinema,clinic,college,fire_station,hospital,library,parking,post_office,school","gate,lift_gate",administrative,auditorium,NA,NA,"clinic,hospital","crossing,footway,living_street,mini_roundabout,residential,service,tertiary,tertiary_link,traffic_signals",building,NA,"construction,industrial,residential","common,golf_course,park,pitch,social_club,stadium,swimming_pool",NA,NA,tree,goverment,city,line,station,NA,"clothes,jewelry,trade","cricket,football",NA,NA,NA
site_5341,"Sector 30, Faridabad - HSPCB",28.4417,77.3217,9322,12,NA,"hospital,school",gate,administrative,house,NA,NA,NA,"crossing,footway,motorway,residential,service,tertiary,tertiary_link,track,traffic_signals,unclassified",NA,NA,residential,"park,pitch","water tank,pipeline,tower",NA,"tree,water",ngo,city,"line,substation,tower",platform,NA,dairy,NA,hostel,canal,"canal,drain"
site_5342,"Sector 11, Faridabad - HSPCB",28.376058,77.315741,41853,14,NA,"college,hospital,school",gate,administrative,industrial,NA,NA,NA,"bus_stop,residential,secondary,secondary_link,service,tertiary,trunk,trunk_link,unclassified",NA,NA,"industrial,residential",park,"bridge,works",NA,water,NA,neighbourhood,substation,platform,subway,"spa centre,Costume store",NA,NA,drain,NA
site_5344,"Teri Gram, Gurugram - HSPCB",28.4275,77.1465,5508,10,NA,"bank,cafe,community_centre,fuel,place_of_worship,school",gate,administrative,"commercial,office,roof,shed",NA,NA,NA,"primary,residential,service,services,tertiary,track,unclassified",ground,NA,"Hotel,Research_Institute,Research_institute,corporate_office,residential",golf_course,NA,NA,tree,NA,"locality,village","line,tower",platform,NA,"alcohol,general,kiosk",NA,motel,NA,NA
site_5346,"Sikulpuikawn, Aizawl - Mizoram PCB",23.7176342,92.7192841,41743,8,NA,"college,hospital,place_of_worship,restaurant",gate,administrative,"church,college,office,school,temple",NA,NA,NA,"primary,residential,secondary,service,tertiary,unclassified",stadium,NA,residential,sports_centre,NA,NA,tree,"educational_institution,government",city,line,platform,NA,"spa centre,Costume store",soccer;volleyball,stadium,NA,NA
site_5361,"Arumbakkam, Chennai - TNPCB",13.0664,80.2112,23449,18,NA,"atm,bank,bus_station,cafe,clinic,fast_food,fuel,hospital,library,motorcycle_rental,parking,pharmacy,place_of_worship,restaurant,school,toilets",gate,"administrative,water_distribution","apartments,commercial,residential,retail",NA,NA,"centre,clinic","bus_stop,construction,living_street,pedestrian,primary,primary_link,residential,service,tertiary,traffic_signals",NA,NA,"commercial,education,industrial,residential,retail","park,pitch,playground,swimming_pool",water_tower,NA,"wetland,wood",government,"locality,neighbourhood","substation,tower","platform,station,stop_area,stop_position","station,stop,subway","confectionery,convenience,department_store,greengrocer,supermarket","racquet,tennis",NA,NA,canal
site_5362,"Anthoni Pillai Nagar, Gummidipoondi - TNPCB",13.4127,80.1081,1094,4,NA,"ATM,petrol pump","gate,wall",administrative,government,NA,NA,NA,"secondary,tertiary,unclassified",building,NA,"industrial,landfill","park,common",works,NA,"tree,wood",governament,locality,"line,substation,tower",NA,NA,NA,NA,NA,NA,NA
site_5363,"Perungudi, Chennai - TNPCB",12.9533,80.2357,20180,14,NA,"bench,cafe,community_centre,fast_food,hospital,parking,place_of_worship,school","gate,toll_booth","administrative,place,protected_area,water_distribution","house,mosque,roof",NA,NA,NA,"construction,footway,living_street,primary,primary_link,residential,service,tertiary,tertiary_link,track,traffic_signals",NA,NA,"brownfield,commercial,construction,industrial,landfill,residential,retail","nature_reserve,park,pitch,playground","storage_tank,wastewater_plant,water_well",NA,"scrub,tree,water,wetland",NA,"neighbourhood,suburb",line,NA,construction,"clothes,electronics,mall,supermarket",basketball,NA,"pond,reservoir,wastewater",NA
site_5364,"Royapuram, Chennai - TNPCB",13.1036,80.2909,18764,20,NA,"atm,bank,bench,cafe,college,dentist,driving_school,fast_food,hospital,pharmacy,place_of_worship,police,post_box,restaurant,school,shelter,toilets,waste_basket","bollard,city_wall,gate,median,wall","administrative,water_distribution","apartments,construction,garage,hospital,house,retail,ruins,school,temple,train_station",NA,NA,"dentist,hospital,pharmacy","bus_stop,crossing,footway,living_street,path,primary,primary_link,residential,secondary,secondary_link,service,steps,street_lamp,tertiary,traffic_signals","building,city_gate,monument,wayside_cross,wayside_shrine",port,"cemetery,commercial,grass,industrial,plant_nursery,railway,religious,residential,retail","garden,park,pitch,sports_centre","bridge,cross,mast,storage_tank,surveillance,water_tower,water_well",office,"tree,water","energy_supplier,lawyer","neighbourhood,suburb",line,"platform,station,stop_position","buffer_stop,disused,level_crossing,platform,rail,station,subway,switch","alcohol,appliance,bakery,bed,car,car_parts,clothes,confectionery,convenience,copyshop,hairdresser,jewelry,kiosk,mobile_phone,motorcycle,motorcycle_repair,sewing,sports",NA,"artwork,hotel",pond,NA
site_5365,"Kodungaiyur, Chennai - TNPCB",13.1278,80.2642,17648,14,NA,"hospital,parking,place_of_worship,school",gate,"administrative,water_distribution",house,NA,NA,"centre,hospital","living_street,residential,secondary,service,track",NA,NA,"cemetery,commercial,industrial,landfill,meadow,residential",park,NA,NA,"water,wood",NA,"locality,neighbourhood",line,platform,rail,NA,NA,guest_house,pond,drain
site_5367,"Meelavittan, Thoothukudi - TNPCB",8.816428,78.099039,3329,4,NA,temple,wall,administrative,house,NA,NA,NA,"residential,tertiary,track,unclassified",NA,NA,industrial,park,NA,NA,tree,NA,"locality,neighbourhood","line,plant,portal,substation,tower",busstop,NA,NA,NA,NA,NA,NA
site_5370,"Buddha Colony, Muzaffarpur - BSPCB",26.11442,85.39813,15606,10,NA,"atm,bank,cinema,clinic,dentist,doctors,restaurant",gate,administrative,house,NA,NA,hospital,"primary,residential,secondary,service,tertiary",building,NA,school,park,storage_tank,NA,tree,"financial,insurance,telecommunication",,"line,tower",bustop,rail,"bag,computer,mall,paint",NA,artwork,NA,NA
site_5375,"PWD Junction, Kohima - NPCB",25.6635413,94.0989878,122352,14,NA,"atm,bank,childcare,clinic,dentist,fuel,marketplace,place_of_worship,police,post_office,restaurant,townhall",wall,administrative,"church,commercial,hospital,residential,school,stadium,transportation",NA,NA,NA,"bus_stop,footway,path,residential,rest_area,secondary,service,steps,tertiary,trunk,unclassified",battlefield,NA,"cemetery,residential","park,stadium",cross,NA,tree,"association,educational_institution,government,insurance","city,suburb","line,tower",platform,NA,"department_store,gas",NA,"artwork,hotel,information",NA,stream
site_5377,"Kunjaban, Agartala - Tripura SPCB",23.8628276,91.2887362,3986,10,NA,"atm,blood_bank,college,courthouse,fire_station,hospital,marketplace,place_of_worship,school","wall,gate",administrative,house,NA,fire_hose,hospital,"mini_roundabout,path,primary,residential,service,tertiary,unclassified",building,NA,"commercial,forest,grass,residential","garden,park",NA,NA,"sand,wetland,wood",government,suburb,"line,plant,portal,substation,tower",platform,NA,NA,NA,information,NA,drain
site_5392,"Bandra Kurla Complex, Mumbai - IITM",19.053536,72.84643,88880,18,NA,"bank,bench,bus_station,cafe,cinema,courthouse,parking,place_of_worship,pub,restaurant,school,waste_basket","fence,gate,lift_gate",administrative,"apartments,commercial,construction,office,retail,roof,temple",NA,NA,NA,"bus_stop,crossing,cycleway,footway,living_street,motorway,motorway_link,path,primary,primary_link,residential,service,steps,tertiary,track,traffic_signals",NA,NA,"aquaculture,commercial,railway,residential","fitness_station,park,pitch,sports_centre,swimming_pool","pier,pipeline",NA,"tree,water,wetland",government,neighbourhood,line,"platform,station","buffer_stop,construction,platform,platform_edge,rail,signal,switch","car,electronics,mall,travel_agency","badminton,cricket,cricket;swimming;running;badminton;billiards;table_tennis,fitness,swimming",artwork,"basin,pond,river","drain,river"
site_5393,"Chandni Chowk, Delhi - IITM",28.656756,77.227234,20354,19,NA,"atm,bank,bench,cafe,clinic,courthouse,drinking_water,events_venue,fast_food,fountain,juice_bar,library,marketplace,parking,pharmacy,place_of_worship,police,recycling,restaurant,school,shelter,taxi,toilets,townhall,waste_basket,water_point","bollard,fence,gate,lift_gate,wall",,"apartments,commercial,house,mosque,roof,temple,train_station,yes;apartments",bakery,fire_hydrant,"centre,pharmacy","bus_stop,crossing,footway,living_street,path,pedestrian,residential,secondary,service,steps,street_lamp,tertiary,tertiary_link,unclassified","heritage,memorial",NA,"grass,railway,residential,retail","garden,park,playground,swimming_pool","mast,pump,storage_tank,surveillance,water_tap",NA,"tree,water",government,"neighbourhood,suburb","generator,pole,substation,transformer","platform,station,stop_area,stop_position","buffer_stop,crossing,level_crossing,platform,rail,station,stop,subway,subway_entrance,switch","bag,bakery,betel_quid,boutique,clothes,confectionery,convenience,dairy,department_store,dry_cleaning,dry_fruits,greengrocer,hardware,jewelry,juice,mall,mobile_phone,sewing,shoes,tea,wholesale",NA,"artwork,attraction,hotel,information",pond,NA
site_5394,"Mazgaon, Mumbai - IITM",18.96702,72.84214,50374,17,NA,"bank,clinic,fuel,hospital,place_of_worship,police,school","bollard,gate,retaining_wall",administrative,"apartments,commercial,house,industrial,mosque,residential,roof,storage_tank,train_station",,water_tank,"centre,hospital","bus_stop,crossing,footway,living_street,motorway,motorway_link,path,pedestrian,primary,primary_link,residential,secondary,service,steps,tertiary,tertiary_link,traffic_signals,unclassified",ruins,NA,"grass,industrial,railway,recreation_ground,residential","pitch,playground","bridge,reservoir_covered,storage_tank,works",NA,"water,wood",government,"locality,suburb",line,"platform,station,stop_area,stop_position","level_crossing,platform,rail,station,stop,switch,yard",bakery,NA,attraction,NA,NA
site_5397,"Khindipada-Bhandup West, Mumbai - IITM",19.1653323,72.922099,7613,12,NA,hotel,"wall,gate",national_park,"apartments,storage_tank",,NA,NA,"construction,path,service,track",wayside_shrine,NA,"industrial,recreation_ground",nature_reserve,"pipeline,reservoir_covered,water_works",NA,"grassland,tree,water,wood",goverment,NA,"generator,line,plant,substation,tower",,NA,NA,NA,artwork,"canal,reservoir",stream
site_5398,"Navy Nagar-Colaba, Mumbai - IITM",18.897756,72.81332,302033,14,helipad,"blood_bank,bus_station,hospital,parking,place_of_worship,school,university",gate,"administrative,administrative_cooperation,local_authority","apartments,church,school",,NA,hospital,"bus_stop,path,residential,service,tertiary",NA,NA,"Hospital,club,education,golf_course,military,recreation_ground,residential","golf_course,park,pitch,schoolyard,slipway,swimming_pool",NA,NA,"coastline,sand,shoal,tree,tree_row,wetland",government,"island,sea,state","line,tower","platform,station",NA,NA,"badminton,basketball,swimming,tennis",,NA,NA
site_5399,"Chakala-Andheri East, Mumbai - IITM",19.11074,72.86084,20916,17,terminal,"atm,bank,bench,cafe,cinema,clinic,community_centre,drinking_water,fast_food,fuel,hospital,parking,pharmacy,place_of_worship,public_building,restaurant,school,theatre,veterinary","bollard,gate,lift_gate",administrative,"apartments,commercial,hotel,office,residential,transportation",electronics_repair,fire_hose,"centre,clinic,hospital,pharmacy","bus_stop,crossing,footway,living_street,primary,residential,secondary,secondary_link,service,steps,tertiary,tertiary_link,traffic_signals,unclassified",NA,NA,"commercial,industrial,residential",park,NA,NA,tree,"company,government,pharmaceutical_corporate_office,research","locality,neighbourhood",line,"platform,station,stop_area,stop_position","platform,station,stop,subway,subway_entrance","alcohol,beauty,car_repair,convenience,hairdresser,motorcycle,pet",NA,"hostel,hotel",NA,NA
site_5400,"Borivali East, Mumbai - IITM",19.23241,72.86895,10884,14,NA,"bicycle_rental,clinic,hospital,parking,parking_entrance,place_of_worship,toilets","entrance,gate","administrative,national_park","apartments,school",NA,NA,"hospice,hospital,pharmacy","footway,living_street,residential,service,tertiary,tertiary_link,unclassified",NA,NA,residential,"nature_reserve,park",surveillance,NA,"scrub,water,wood",governament,locality,line,platform,"miniature,stop","vivi service,cafe",NA,"apartment,zoo",river,river
site_5401,"Sector-19A Nerul, Navi Mumbai - IITM",19.044,73.0325,12070,13,NA,"parking,toilets",gate,administrative,"apartments,commercial,industrial,stadium",NA,NA,hospital,"bus_stop,cycleway,footway,living_street,motorway,residential,service,steps,tertiary,tertiary_link,track",NA,NA,"construction,forest,industrial,quarry,residential","nature_reserve,pitch,sports_centre,stadium",NA,NA,"water,wood",governament,city,"line,tower",platform,platform,"cafe,restuarant","cricket;football,multi,soccer","camp_site,hotel,viewpoint",lake,"stream,waterfall"
site_5402,"Malad West, Mumbai - IITM",19.19709,72.82204,15310,13,NA,"atm,bank,cafe,clinic,college,fire_station,hospital,parking,place_of_worship,post_office,restaurant,school","gate,wall",administrative,"apartments,college,industrial,residential,roof,school,temple",NA,NA,NA,"bus_stop,crossing,footway,residential,secondary,secondary_link,service,tertiary,traffic_signals",NA,NA,"grass,industrial,recreation_ground,residential","garden,park,swimming_pool",NA,NA,"tree,water,wetland",financial,neighbourhood,"line,substation,tower","platform,bus stop","buffer_stop,level_crossing,subway,switch,workshop","general,supermarket",NA,NA,river,NA
site_5403,"Siddharth Nagar-Worli, Mumbai - IITM",19.000083,72.813993,314124,17,NA,"cafe,clinic,fast_food,fuel,hospital,place_of_worship,police,school","gate,lift_gate","administrative,administrative_cooperation,local_authority","apartments,construction,mosque,residential,roof",NA,NA,"centre,hospital","bus_stop,crossing,cycleway,elevator,footway,living_street,motorway,motorway_junction,motorway_link,primary,primary_link,residential,secondary,service,steps,tertiary,traffic_signals,turning_circle",memorial,NA,"construction,hospital,industrial,residential","park,pitch,swimming_pool","pier,reservoir_covered,water_works",NA,coastline,"diplomatic,government","island,sea,state",line,"platform,station,stop_area,stop_position","station,stop,subway,subway_entrance",bakery,NA,hotel,NA,NA
site_5404,"Mhada Colony, Pune - IITM",18.57304,73.927715,3163,6,"aerodrome,apron,hangar,taxiway","hand store,mess","gate,wall",administrative,school,NA,NA,NA,"living_street,residential,service,track",building,NA,"government,grass,military",,NA,airfield,tree,goverment,city,"generator,substation",NA,NA,mess,NA,NA,NA,NA